at,endBlock,pair,baseSymbol,quoteSymbol,priceBaseInQuote,riskScore,riskStatus,syncBlock,syncAgeBlocks,hbSwaps,hbMints,hbBurns,flowStatus,flowNetQuote,flowNetAbsQuote,flowGrossQuote,flowNetPct,flowGrossPct,l1Status,l1Mints15Quote,l1Burns15Quote,l1NetLiq15Quote,l1Churn15Quote,l1BurnSharePct,m1Status,m1BouncePairs,m1ClassicCandidates,m1ReversalPairs,m1Blocks3PlusSwaps,m1AdaptiveScore,volStatus,volShort,volLong,depthStatus,depthImpactPct_5000,depthImpactPct_25000,depthImpactPct_100000,depthMaxInFor1Pct
2026-02-24 08:36:33,24470000,0xB4e16d0168e52d35CaCD2c6185b44281Ec28C9Dc,WETH,USDC,,15,OK,,,0,0,0,n/a,0,0,0,,,OK,0,0,0,0,,OK,0,0,0,0,15,OK,,,n/a,,,,
2026-02-24 08:36:33,24470050,0xB4e16d0168e52d35CaCD2c6185b44281Ec28C9Dc,WETH,USDC,1967.5503955290003,49,ELEVATED,24470049,1,5,1,1,ELEVATED,10044304458,10044304458,10134726320,0.11178128015824478,0.11278756899894214,ELEVATED,9619116948230,9619116948229,-1,19238233896459,51.702357599970185,OK,1,0,1,0,15,OK,,,ELEVATED,0.35654681998181414,0.5791232674116241,1.4137849452733537,62816
2026-02-24 08:36:33,24470100,0xB4e16d0168e52d35CaCD2c6185b44281Ec28C9Dc,WETH,USDC,1975.7668973992088,61,HIGH,24470089,11,4,0,0,HIGH,28396691526,28396691526,28476251518,0.31536295455133884,0.31624651783962643,ELEVATED,9619116948230,9619116948229,-1,19238233896459,51.65024665231856,OK,1,0,0,0,15,OK,,,ELEVATED,0.35643082383154323,0.5785432866602636,1.4114650222678866,62945
2026-02-24 08:36:35,24470150,0xB4e16d0168e52d35CaCD2c6185b44281Ec28C9Dc,WETH,USDC,1976.6331125324975,33,ELEVATED,24470150,0,4,0,0,ELEVATED,20748637982,20748637982,21795667048,0.23037594278823023,0.24200129903646622,OK,0,0,0,0,0,OK,1,0,0,0,15,OK,,,ELEVATED,0.35641862752786935,0.5784823051418784,1.4112210961944036,62960
2026-02-24 08:36:38,24470200,0xB4e16d0168e52d35CaCD2c6185b44281Ec28C9Dc,WETH,USDC,1978.5341727579862,27,ELEVATED,24470197,3,4,0,0,OK,6772679552,6772679552,6906984154,0.07516211656309853,0.07665260759740468,OK,0,0,0,0,0,ELEVATED,5,0,0,0,55,OK,,,ELEVATED,0.3563919099875506,0.5783487174402231,1.4106867453877683,62993
2026-02-24 08:36:38,24470250,0xB4e16d0168e52d35CaCD2c6185b44281Ec28C9Dc,WETH,USDC,1972.1483398298828,55,HIGH,24470249,1,8,0,0,ELEVATED,-11371716447,11371716447,17724789575,0.1264053418805768,0.19702461773747731,OK,0,0,0,0,0,HIGH,15,0,0,1,85,OK,0.00303158281253068,,ELEVATED,0.356481539371944,0.5787968643621663,1.4124793330755256,62888
2026-02-24 08:36:40,24470300,0xB4e16d0168e52d35CaCD2c6185b44281Ec28C9Dc,WETH,USDC,1948.3618396758661,57,HIGH,24470299,1,14,0,0,HIGH,-58271778924,58271778924,58291504192,0.651671467062285,0.6518920608827091,OK,0,0,0,0,0,ELEVATED,6,0,1,0,55,OK,0.006056402798929727,,ELEVATED,0.35681926662794644,0.5804855006422722,1.419233878195941,62511
2026-02-24 08:36:40,24470350,0xB4e16d0168e52d35CaCD2c6185b44281Ec28C9Dc,WETH,USDC,1943.6851125748594,67,HIGH,24470338,12,2,0,0,HIGH,-61060139382,61060139382,63917392800,0.6836740290283654,0.7156659303900413,OK,0,0,0,0,0,HIGH,10,0,2,1,85,OK,0.005590464518179388,,ELEVATED,0.35688636914677463,0.5808210132363424,1.4205759285722006,62435
2026-02-24 08:36:41,24470400,0xB4e16d0168e52d35CaCD2c6185b44281Ec28C9Dc,WETH,USDC,1952.904365280318,45,ELEVATED,24470400,0,9,0,0,ELEVATED,22419989059,22419989059,27698133351,0.2504362687918289,0.3093943155221303,OK,0,0,0,0,0,ELEVATED,7,0,1,2,55,OK,0.006912882079722417,,ELEVATED,0.3567538211942428,0.5801582734736637,1.4179249695215064,62583
2026-02-24 08:36:41,24470450,0xB4e16d0168e52d35CaCD2c6185b44281Ec28C9Dc,WETH,USDC,1955.4597759483647,33,ELEVATED,24470450,0,5,0,0,ELEVATED,19660718400,19660718400,24909258204,0.2194708417525519,0.2780598223442099,OK,0,0,0,0,0,OK,5,0,0,1,0,OK,0.007281700230925123,,ELEVATED,0.35671726110442,0.5799754730246528,1.4171937677254969,62626
2026-02-24 08:36:42,24470500,0xB4e16d0168e52d35CaCD2c6185b44281Ec28C9Dc,WETH,USDC,1969.4715943060553,45,ELEVATED,24470500,0,5,0,0,HIGH,37442888740,37442888740,38038103440,0.4164798600756707,0.42310047465197503,OK,0,0,0,0,0,OK,4,0,0,2,0,OK,0.004156251329403494,,ELEVATED,0.3565180564709733,0.5789794498574059,1.4132096750565193,62850
2026-02-24 08:36:42,24470550,0xB4e16d0168e52d35CaCD2c6185b44281Ec28C9Dc,WETH,USDC,1969.2581266983723,15,OK,24470533,17,1,0,0,OK,-678836221,678836221,889451673,0.007551151204584591,0.009893968330239896,OK,0,0,0,0,0,OK,7,0,0,0,0,OK,0.0032852217854154432,,ELEVATED,0.35652106621272206,0.5789944985661366,1.4132698698914496,62845
2026-02-24 08:36:43,24470600,0xB4e16d0168e52d35CaCD2c6185b44281Ec28C9Dc,WETH,USDC,1969.2697005602524,15,OK,24470593,7,2,0,0,OK,21870502,21870502,33045736,0.00024327956629758725,0.0003675888336748999,OK,0,0,0,0,0,OK,1,0,0,0,0,OK,0.003429788439818463,,ELEVATED,0.3565209025073097,0.5789936800389609,1.413266595782696,62845
2026-02-24 08:36:43,24470650,0xB4e16d0168e52d35CaCD2c6185b44281Ec28C9Dc,WETH,USDC,1967.4013763172347,15,OK,24470644,6,12,0,0,OK,-4235364483,4235364483,4369196613,0.04713499548647515,0.04862440138502656,OK,0,0,0,0,0,OK,5,0,0,2,0,OK,0.0037693849815600843,,ELEVATED,0.3565472644260558,0.5791254896327342,1.4137938341577292,62816
2026-02-24 08:36:44,24470700,0xB4e16d0168e52d35CaCD2c6185b44281Ec28C9Dc,WETH,USDC,1968.8791992078789,15,OK,24470697,3,2,0,0,OK,449842403,449842403,6392862183,0.0050043752732510955,0.07111886567506892,OK,0,1957094,1957094,1957094,0.000021772137582720896,OK,3,0,0,2,0,OK,0.0006961633185333138,,ELEVATED,0.3565263580946388,0.5790209579757031,1.4133757075296998,62840
2026-02-24 08:36:45,24470750,0xB4e16d0168e52d35CaCD2c6185b44281Ec28C9Dc,WETH,USDC,1969.5298751348603,15,OK,24470741,9,2,0,0,OK,4837823146,4837823146,5599762792,0.05381056510000478,0.062285534458332285,OK,0,0,0,0,0,OK,0,0,0,0,0,OK,0.0007232397638566019,,ELEVATED,0.35651714821038955,0.5789749085545125,1.413191509844959,62850
2026-02-24 08:36:45,24470800,0xB4e16d0168e52d35CaCD2c6185b44281Ec28C9Dc,WETH,USDC,1970.2488444739663,15,OK,24470792,8,1,0,0,OK,3258930575,3258930575,3806670291,0.03624209524771318,0.04233342935299014,OK,0,0,0,0,0,OK,0,0,0,0,0,OK,0.0007405828053994358,,ELEVATED,0.3565069844562076,0.5789240897835548,1.412988234761078,62860
2026-02-24 08:36:49,24470850,0xB4e16d0168e52d35CaCD2c6185b44281Ec28C9Dc,WETH,USDC,1969.8175208897665,31,ELEVATED,24470842,8,3,0,0,OK,-321113531,321113531,1644575705,0.003571447464128573,0.018291087619069252,ELEVATED,8577336935993,8577336935992,-1,17154673871985,48.82233794194368,OK,0,0,0,0,0,OK,0.00039897728584243654,,ELEVATED,0.3565130627084114,0.5789544810445754,1.4131097998051643,62855
2026-02-24 08:36:50,24470900,0xB4e16d0168e52d35CaCD2c6185b44281Ec28C9Dc,WETH,USDC,1977.4310692444024,33,ELEVATED,24470893,7,4,0,0,ELEVATED,17318420889,17318420889,17451904273,0.19224498229787357,0.19372672887041698,OK,0,0,0,0,0,OK,1,0,0,0,0,OK,0.0018686602626150739,,ELEVATED,0.35640574258982793,0.5784178804516278,1.410963397433423,62974
2026-02-24 08:36:50,24470950,0xB4e16d0168e52d35CaCD2c6185b44281Ec28C9Dc,WETH,USDC,1980.8684816465563,33,ELEVATED,24470944,6,6,0,0,ELEVATED,25223121209,25223121209,25248118587,0.27974854566590235,0.2800257905034074,OK,0,0,0,0,0,OK,1,0,0,0,0,OK,0.0018111513636367264,,ELEVATED,0.35635749172310716,0.5781766261180092,1.409998380098892,63031
2026-02-24 08:36:50,24471000,0xB4e16d0168e52d35CaCD2c6185b44281Ec28C9Dc,WETH,USDC,1980.915301869018,15,OK,24470991,9,3,0,0,OK,6392812616,6392812616,6448817992,0.07090156849865997,0.07152271434498415,OK,0,0,0,0,0,OK,2,0,0,0,0,OK,0.0018849199478064894,,ELEVATED,0.35635683509285987,0.5781733429667286,1.4099852474937795,63031
2026-02-24 08:36:50,24471050,0xB4e16d0168e52d35CaCD2c6185b44281Ec28C9Dc,WETH,USDC,1980.9509311170868,15,OK,24471039,11,1,0,0,OK,188369850,188369850,485178400,0.0020891582069228814,0.005380980216216727,OK,0,0,0,0,0,OK,2,0,0,0,0,OK,0.0018218595372440265,,ELEVATED,0.3563563331849321,0.5781708334271771,1.4099752093356164,63031
2026-02-24 08:36:51,24471100,0xB4e16d0168e52d35CaCD2c6185b44281Ec28C9Dc,WETH,USDC,1980.9515209968736,15,OK,24471086,14,2,0,0,OK,-129839115,129839115,132528059,0.0014400097055587682,0.0014698320395888794,OK,0,0,0,0,0,OK,0,0,0,0,0,OK,0.0008614772815644088,,ELEVATED,0.3563563249161543,0.578170792083281,1.409975043959963,63031
2026-02-24 08:37:06,24471150,0xB4e16d0168e52d35CaCD2c6185b44281Ec28C9Dc,WETH,USDC,1981.0237460615606,15,OK,24471144,6,5,0,0,OK,165503896,165503896,176412758,0.0018355244105508753,0.001956509372091181,OK,0,0,0,0,0,OK,3,0,0,0,0,OK,0.000015007765475209297,,ELEVATED,0.3563553124108179,0.5781657295566385,1.4099547938534511,63031
2026-02-24 08:37:06,24471200,0xB4e16d0168e52d35CaCD2c6185b44281Ec28C9Dc,WETH,USDC,1980.9844190443443,20,OK,24471168,32,0,0,0,OK,75267229,75267229,264906575,0.0008347610464708126,0.0029379810138087962,OK,0,0,0,0,0,OK,3,0,0,0,0,OK,0.000024101285067598564,,ELEVATED,0.35635586201096336,0.5781684775573167,1.4099657858561274,63031
2026-02-24 08:37:07,24471250,0xB4e16d0168e52d35CaCD2c6185b44281Ec28C9Dc,WETH,USDC,1978.7110561196985,15,OK,24471248,2,6,0,0,OK,-5167065125,5167065125,5399868209,0.0573388701232384,0.05992228362294059,OK,0,0,0,0,0,OK,13,0,0,1,12,OK,0.0005774133938774834,,ELEVATED,0.35638765822282453,0.5783274586167279,1.4106017100938364,62998
2026-02-24 08:37:07,24471300,0xB4e16d0168e52d35CaCD2c6185b44281Ec28C9Dc,WETH,USDC,1974.708034422621,33,ELEVATED,24471288,12,5,0,0,ELEVATED,-12740648059,12740648059,13235788435,0.14152585187555147,0.1470259773940395,OK,0,0,0,0,0,OK,12,0,0,0,14,OK,0.0009882580186583517,,ELEVATED,0.3564437807684854,0.57860807134487,1.4117241610062752,62931
2026-02-24 08:37:07,24471350,0xB4e16d0168e52d35CaCD2c6185b44281Ec28C9Dc,WETH,USDC,1973.138081629217,15,OK,24471340,10,3,0,0,OK,-7376763209,7376763209,7753634577,0.08197521078673532,0.08616324135732394,OK,0,0,0,0,0,OK,9,0,0,0,5,OK,0.0008317325035614005,,ELEVATED,0.35646583822913525,0.5787183586481843,1.412165310219587,62907
2026-02-24 08:37:08,24471400,0xB4e16d0168e52d35CaCD2c6185b44281Ec28C9Dc,WETH,USDC,1971.989929307425,15,OK,24471399,1,2,0,0,OK,-3546370663,3546370663,3548061655,0.03942094470633504,0.03943974152947209,OK,0,0,0,0,0,OK,1,0,0,0,0,OK,0.0006360085277744543,,ELEVATED,0.3564819868467295,0.5787991017361684,1.4124882825715617,62888
2026-02-24 08:37:08,24471450,0xB4e16d0168e52d35CaCD2c6185b44281Ec28C9Dc,WETH,USDC,1971.537678857734,15,OK,24471447,3,2,0,0,OK,-1161663772,1161663772,1163121556,0.01291436564196514,0.012930572014287997,OK,0,0,0,0,0,OK,0,0,0,0,0,OK,0.0007804644390968637,,ELEVATED,0.3564883515491091,0.5788309252480462,1.412615576619087,62884
2026-02-24 08:37:09,24471500,0xB4e16d0168e52d35CaCD2c6185b44281Ec28C9Dc,WETH,USDC,1971.5099769132703,15,OK,24471477,23,1,0,0,OK,-1093184070,1093184070,1094641854,0.01215315323613123,0.01216935972214157,OK,0,0,0,0,0,OK,0,0,0,0,0,OK,0.0003499571979849011,,ELEVATED,0.35648874148163473,0.5788328749107098,1.412623375269753,62884
2026-02-24 08:37:10,24471550,0xB4e16d0168e52d35CaCD2c6185b44281Ec28C9Dc,WETH,USDC,1972.6684388785827,15,OK,24471534,16,1,0,0,OK,2633413835,2633413835,2659264681,0.029267595357741732,0.029554900030606908,OK,0,0,0,0,0,OK,0,0,0,0,0,OK,0.0004907497450691332,,ELEVATED,0.3564723929356952,0.5787511321809395,1.4122964043506923,62898
2026-02-24 08:37:11,24471600,0xB4e16d0168e52d35CaCD2c6185b44281Ec28C9Dc,WETH,USDC,1972.6688233950952,36,ELEVATED,24471570,30,0,0,0,OK,1104525,1104525,1104525,0.00001227562002505135,0.00001227562002505135,ELEVATED,10151875956278,10151875956277,-1,20303751912555,53.013546314213315,OK,0,0,0,0,0,OK,0.00035036058872124826,,ELEVATED,0.3564723875116714,0.5787511050608738,1.4122962958703629,62898
2026-02-24 08:37:11,24471650,0xB4e16d0168e52d35CaCD2c6185b44281Ec28C9Dc,WETH,USDC,1972.6688535283718,20,OK,24471603,47,0,0,0,OK,68825,68825,68825,7.649166309152e-7,7.649166309152e-7,OK,0,0,0,0,0,OK,0,0,0,0,0,OK,0.00029609642409357236,,ELEVATED,0.35647238708660683,0.5787511029355623,1.4122962873691167,62898
2026-02-24 08:37:11,24471700,0xB4e16d0168e52d35CaCD2c6185b44281Ec28C9Dc,WETH,USDC,1972.6682073174775,20,OK,24471665,35,0,0,0,OK,-1471125,1471125,1741571,0.00001634999146588612,0.00001935571143664526,OK,0,0,0,0,0,OK,1,0,0,0,0,OK,0.0002937340445325572,,ELEVATED,0.3564723961722487,0.5787511483637363,1.4122964690818842,62898
2026-02-24 08:37:11,24471750,0xB4e16d0168e52d35CaCD2c6185b44281Ec28C9Dc,WETH,USDC,1972.6509337815603,20,OK,24471715,35,0,0,0,OK,-39334831,39334831,39334831,0.00043716676875666136,0.00043716676875666136,OK,0,0,0,0,0,OK,0,0,0,0,0,OK,0.000004364057394888255,,ELEVATED,0.3564726391044627,0.578752363024792,1.4123013277260676,62898
2026-02-24 08:37:12,24471800,0xB4e16d0168e52d35CaCD2c6185b44281Ec28C9Dc,WETH,USDC,1977.0736776354868,33,ELEVATED,24471789,11,4,0,0,ELEVATED,10096033795,10096033795,10096033795,0.11208141683475656,0.11208141683475656,OK,0,0,0,0,0,OK,0,0,0,0,0,OK,0.0011212793256294051,,ELEVATED,0.3564103555384789,0.5784409451949141,1.4110556564065346,62969
2026-02-24 08:37:12,24471850,0xB4e16d0168e52d35CaCD2c6185b44281Ec28C9Dc,WETH,USDC,1978.4192169949592,33,ELEVATED,24471832,18,0,0,2,ELEVATED,9241344780,9241344780,9241344780,0.10255908541045469,0.10255908541045469,OK,0,85172865,85172865,85172865,0.0009452269963069371,OK,0,0,0,0,0,OK,0.001058338032997103,,ELEVATED,0.3563919728645067,0.5783490318250532,1.4106880029270505,62993
2026-02-24 08:37:13,24471900,0xB4e16d0168e52d35CaCD2c6185b44281Ec28C9Dc,WETH,USDC,1987.3144935526484,33,ELEVATED,24471894,6,9,0,0,ELEVATED,20265764519,20265764519,21062625603,0.2244017803782112,0.23322538265564136,OK,0,85172865,85172865,85172865,0.0009431059101028869,OK,2,0,0,0,0,OK,0.001993631724727978,,ELEVATED,0.3562674539665248,0.5777264373350821,1.4081976249671402,63135
2026-02-24 08:37:14,24471950,0xB4e16d0168e52d35CaCD2c6185b44281Ec28C9Dc,WETH,USDC,1987.5434809113754,33,ELEVATED,24471935,15,1,0,0,ELEVATED,20793713480,20793713480,21576804566,0.2302344485159189,0.23890507603496952,OK,0,0,0,0,0,OK,2,0,0,0,0,OK,0.0019557205078847956,,ELEVATED,0.3562642597628967,0.5777104663169569,1.4081337408947538,63135
2026-02-24 08:37:14,24472000,0xB4e16d0168e52d35CaCD2c6185b44281Ec28C9Dc,WETH,USDC,1987.5434809113754,20,OK,24471935,65,0,0,0,OK,30000000,30000000,30000000,0.0003321693098311157,0.0003321693098311157,OK,0,0,0,0,0,OK,0,0,0,0,0,OK,0.002131283028108544,,ELEVATED,0.3562642597628967,0.5777104663169569,1.4081337408947538,63135
2026-02-24 08:37:14,24472050,0xB4e16d0168e52d35CaCD2c6185b44281Ec28C9Dc,WETH,USDC,1987.5397586667332,15,OK,24472039,11,1,0,0,OK,-8443692,8443692,8896306,0.00009349126554163603,0.00009850275289359794,OK,0,0,0,0,0,OK,0,0,0,0,0,OK,0.0022248212036483487,,ELEVATED,0.35626431152112403,0.5777107251080493,1.408134776059079,63135
2026-02-24 08:37:14,24472100,0xB4e16d0168e52d35CaCD2c6185b44281Ec28C9Dc,WETH,USDC,1987.5424979252903,20,OK,24472053,47,0,0,0,OK,-2436953,2436953,14903045,0.000026982706474574774,0.00016501117945745327,OK,0,0,0,0,0,OK,0,0,0,0,0,OK,0.000057706752362811984,,ELEVATED,0.35626427331371724,0.5777105340711002,1.408134011911295,63135
2026-02-24 08:37:14,24472150,0xB4e16d0168e52d35CaCD2c6185b44281Ec28C9Dc,WETH,USDC,1987.5344994826933,15,OK,24472135,15,2,0,0,OK,-18145468,18145468,18145468,0.00020091270557298226,0.00020091270557298226,OK,0,0,0,0,0,OK,0,0,0,0,0,OK,0.0000023449749801069064,,ELEVATED,0.3562643845421318,0.5777110902131946,1.408136236479683,63135
2026-02-24 08:37:16,24472200,0xB4e16d0168e52d35CaCD2c6185b44281Ec28C9Dc,WETH,USDC,1987.5322984868724,15,OK,24472194,6,1,0,0,OK,-23138709,23138709,23138709,0.00025619968572127233,0.00025619968572127233,OK,0,0,0,0,0,OK,0,0,0,0,0,OK,0.000002229676790965695,,ELEVATED,0.35626441514987806,0.5777112432518754,1.4081368486344108,63135
2026-02-24 08:37:17,24472250,0xB4e16d0168e52d35CaCD2c6185b44281Ec28C9Dc,WETH,USDC,1996.6182427545912,33,ELEVATED,24472250,0,3,0,0,ELEVATED,20646201080,20646201080,20706562784,0.22808026541497103,0.22874708607683877,OK,0,0,0,0,0,OK,0,0,0,0,0,OK,0.0022811529303576167,,ELEVATED,0.3561381154836534,0.5770797449206626,1.40561085530947,63279
2026-02-24 08:37:21,24472300,0xB4e16d0168e52d35CaCD2c6185b44281Ec28C9Dc,WETH,USDC,1996.618242673742,20,OK,24472266,34,0,0,0,OK,-24933667,24933667,25441921,0.0002754442507465626,0.0002810589740930701,OK,0,0,0,0,0,OK,0,0,0,0,0,OK,0.0022813822024822026,,ELEVATED,0.3561381154847506,0.5770797449262309,1.4056108553317794,63279
2026-02-24 08:37:21,24472350,0xB4e16d0168e52d35CaCD2c6185b44281Ec28C9Dc,WETH,USDC,1995.072573248698,31,ELEVATED,24472349,1,1,0,0,OK,-3499252079,3499252079,3499252079,0.038671471854370594,0.038671471854370594,ELEVATED,10523961929585,10523961929584,-1,21047923859169,53.76877499547157,OK,0,0,0,0,0,OK,0.002437242896592421,,ELEVATED,0.35615947582975854,0.5771865466512638,1.4060380622318802,63255
2026-02-24 08:37:22,24472400,0xB4e16d0168e52d35CaCD2c6185b44281Ec28C9Dc,WETH,USDC,1994.0681283977012,15,OK,24472386,14,1,0,0,OK,-5773950661,5773950661,5773950661,0.06382601498508123,0.06382601498508123,OK,0,0,0,0,0,OK,0,0,0,0,0,OK,0.0025140943732588697,,ELEVATED,0.35617337004412414,0.5772560177230877,1.406315946519241,63241
2026-02-24 08:37:22,24472450,0xB4e16d0168e52d35CaCD2c6185b44281Ec28C9Dc,WETH,USDC,1993.9666854146471,20,OK,24472405,45,0,0,0,OK,-2504461456,2504461456,2504508378,0.02768535164577298,0.027685870340946668,OK,0,0,0,0,0,OK,1,0,0,0,0,OK,0.0003716876017952094,,ELEVATED,0.356174773860193,0.5772630368034759,1.4063440228408155,63241
2026-02-24 08:37:22,24472500,0xB4e16d0168e52d35CaCD2c6185b44281Ec28C9Dc,WETH,USDC,1991.8430545169233,15,OK,24472496,4,4,0,0,OK,-4810953039,4810953039,5011725039,0.053210561105010025,0.055431158705437994,OK,0,0,0,0,0,OK,3,0,0,0,0,OK,0.0004312915253697739,,ELEVATED,0.356204184436495,0.5774100896850379,1.4069322343670598,63203
2026-02-24 08:37:23,24472550,0xB4e16d0168e52d35CaCD2c6185b44281Ec28C9Dc,WETH,USDC,1991.84304928147,15,OK,24472542,8,2,0,0,OK,-1818661865,1818661865,2019451223,0.020114937235752823,0.022335726823693686,OK,0,0,0,0,0,OK,4,0,0,0,5,OK,0.0004951548824518045,,ELEVATED,0.3562041845089218,0.5774100900470962,1.4069322358152079,63203
2026-02-24 08:37:23,24472600,0xB4e16d0168e52d35CaCD2c6185b44281Ec28C9Dc,WETH,USDC,1991.8345839741062,15,OK,24472589,11,1,0,0,OK,-19193351,19193351,20847683,0.00021228457978186816,0.00023058201900650891,OK,0,0,0,0,0,OK,1,0,0,0,0,OK,0.0005241170764864165,,ELEVATED,0.35620430183301166,0.5774106766675846,1.4069345822971906,63203
2026-02-24 08:37:23,24472650,0xB4e16d0168e52d35CaCD2c6185b44281Ec28C9Dc,WETH,USDC,1992.5241890852649,15,OK,24472641,9,2,0,0,OK,1568705194,1568705194,1929877946,0.017347371193126886,0.021341364339672916,OK,0,0,0,0,0,OK,0,0,0,0,0,OK,0.0006122101884360403,,ELEVATED,0.35619471346570286,0.5773627348310661,1.4067428149511443,63217
2026-02-24 08:37:23,24472700,0xB4e16d0168e52d35CaCD2c6185b44281Ec28C9Dc,WETH,USDC,1993.0626296993996,15,OK,24472698,2,3,0,0,OK,1043423863,1043423863,1686597131,0.01153703795439195,0.018648543323678584,OK,0,0,0,0,0,OK,3,0,0,0,0,OK,0.00018182506749843936,,ELEVATED,0.35618723037603994,0.577325319382766,1.4065931531580056,63227
2026-02-24 08:37:30,24472750,0xB4e16d0168e52d35CaCD2c6185b44281Ec28C9Dc,WETH,USDC,1992.7355942796084,15,OK,24472743,7,2,0,0,OK,-727448667,727448667,754501179,0.008043989395631657,0.008343130942691773,OK,0,0,0,0,0,OK,2,0,0,0,0,OK,0.00023776729797062027,,ELEVATED,0.35619175985088525,0.5773479667570105,1.40668374265496,63222
2026-02-24 08:37:30,24472800,0xB4e16d0168e52d35CaCD2c6185b44281Ec28C9Dc,WETH,USDC,1995.2733225095833,15,OK,24472797,3,6,0,0,OK,5524191809,5524191809,6020829655,0.06104654808715105,0.06653477644633729,OK,0,0,0,0,0,OK,2,0,0,0,0,OK,0.000604324869038736,,ELEVATED,0.3561565354694766,0.5771718448499347,1.4059792550265782,63260
2026-02-24 08:37:32,24472850,0xB4e16d0168e52d35CaCD2c6185b44281Ec28C9Dc,WETH,USDC,1995.2774523081807,15,OK,24472834,16,1,0,0,OK,5781616921,5781616921,5803453219,0.06389122617370406,0.06413253373063454,OK,0,0,0,0,0,OK,0,0,0,0,0,OK,0.000643679343706847,,ELEVATED,0.35615647800114797,0.577171557508188,1.4059781056596112,63260
2026-02-24 08:37:33,24472900,0xB4e16d0168e52d35CaCD2c6185b44281Ec28C9Dc,WETH,USDC,1995.1217835238958,37,ELEVATED,24472900,0,3,0,0,OK,-362893246,362893246,698131832,0.00401039996898722,0.007715183206803995,OK,0,0,0,0,0,HIGH,22,8,7,2,100,OK,0.0006797435519266963,,ELEVATED,0.3561586272299481,0.5771823036522715,1.4060210902359103,63255
2026-02-24 08:37:33,24472950,0xB4e16d0168e52d35CaCD2c6185b44281Ec28C9Dc,WETH,USDC,1995.122513339696,15,OK,24472943,7,1,0,0,OK,-405003639,405003639,608318665,0.004475768842961527,0.0067226401573121436,OK,0,0,0,0,0,OK,1,0,0,0,0,OK,0.0006500119775628778,,ELEVATED,0.3561586171084429,0.5771822530447933,1.4060208878060876,63255
2026-02-24 08:37:33,24473000,0xB4e16d0168e52d35CaCD2c6185b44281Ec28C9Dc,WETH,USDC,1995.1838968952297,32,ELEVATED,24472999,1,2,0,0,OK,141068954,141068954,142363762,0.0015589546383319318,0.00157326357647965,OK,0,0,0,0,0,HIGH,3,1,1,1,78,OK,0.00004667676965237332,0.002386937724291398,ELEVATED,0.35615776581522834,0.5771779965786825,1.4060038619416242,63260
2026-02-24 08:37:34,24473050,0xB4e16d0168e52d35CaCD2c6185b44281Ec28C9Dc,WETH,USDC,1995.1953735149625,15,OK,24473014,36,0,0,0,OK,125702717,125702717,126427269,0.0013891381746767737,0.0013971451841254113,OK,0,0,0,0,0,OK,2,0,1,0,23,OK,0.000047060587869120374,0.0023295732454506044,ELEVATED,0.3561576066591658,0.5771772007983658,1.406000678820394,63260
2026-02-24 08:37:35,24473100,0xB4e16d0168e52d35CaCD2c6185b44281Ec28C9Dc,WETH,USDC,1998.8900406186226,26,ELEVATED,24473085,15,0,1,1,OK,8387072322,8387072322,8387072322,0.09259953980880516,0.09259953980880516,ELEVATED,11453460806400,11453460806399,-1,22906921612799,55.84106912505546,OK,0,0,0,0,0,OK,0.0009189829141810897,0.0023396486312318846,ELEVATED,0.356106440877385,0.5769213718895163,1.4049773631849776,63318
2026-02-24 08:37:36,24473150,0xB4e16d0168e52d35CaCD2c6185b44281Ec28C9Dc,WETH,USDC,1998.9325174845933,26,ELEVATED,24473145,5,3,0,0,OK,96439368,96439368,136219366,0.0010647512825149817,0.0015039474818196415,ELEVATED,11453460806400,11453460806399,-1,22906921612799,55.84080656840161,OK,2,0,1,0,23,OK,0.0009154648033349893,0.002337503856331901,ELEVATED,0.35610585309493825,0.576918432977241,1.4049656075359158,63318
2026-02-24 08:37:36,24473200,0xB4e16d0168e52d35CaCD2c6185b44281Ec28C9Dc,WETH,USDC,1998.8895986666312,10,OK,24473185,15,1,0,0,OK,-1628719,1628719,292151607,0.000017982274794548266,0.003225572046953999,OK,0,0,0,0,0,OK,3,0,1,0,23,OK,0.0009242816956447896,0.002293791741985316,ELEVATED,0.3561064442954061,0.5769213889795122,1.4049774315449355,63318
2026-02-24 08:37:37,24473250,0xB4e16d0168e52d35CaCD2c6185b44281Ec28C9Dc,WETH,USDC,1998.9958464443268,10,OK,24473236,14,3,0,0,OK,241119681,241119681,278880319,0.0026620705800313275,0.003078965140799318,OK,0,0,0,0,0,OK,3,0,0,0,0,OK,0.000916722918558039,0.0016073092344419725,ELEVATED,0.35610497467082664,0.5769140408566209,1.4049480390533462,63318
2026-02-24 08:37:38,24473300,0xB4e16d0168e52d35CaCD2c6185b44281Ec28C9Dc,WETH,USDC,2000.0388270768624,10,OK,24473298,2,2,0,0,OK,2417006215,2417006215,2457806455,0.026677874998328122,0.02712821049844672,OK,0,0,0,0,0,OK,3,0,0,0,0,OK,0.0002538339898988881,0.0015627538464075498,ELEVATED,0.356090557524099,0.5768419551230264,1.4046596961190467,63337
2026-02-24 08:37:38,24473350,0xB4e16d0168e52d35CaCD2c6185b44281Ec28C9Dc,WETH,USDC,2000.0388270768624,15,OK,24473298,52,0,0,0,OK,2366186336,2366186336,2388626334,0.026116947032575184,0.02636463007860605,OK,0,0,0,0,0,OK,1,0,0,0,0,OK,0.00025744591227173295,0.001458985633057831,ELEVATED,0.356090557524099,0.5768419551230264,1.4046596961190467,63337
2026-02-24 08:37:39,24473400,0xB4e16d0168e52d35CaCD2c6185b44281Ec28C9Dc,WETH,USDC,1998.4578827990226,10,OK,24473397,3,6,0,0,OK,-3576079961,3576079961,3579199007,0.03948681839969868,0.039521258681886294,OK,0,0,0,0,0,OK,5,0,0,0,11,OK,0.0005442305496109668,0.0014621560501583291,ELEVATED,0.3561123494499838,0.5769509147524009,1.4050955346364853,63308
2026-02-24 08:37:39,24473450,0xB4e16d0168e52d35CaCD2c6185b44281Ec28C9Dc,WETH,USDC,1986.546763568856,60,HIGH,24473449,1,14,0,0,HIGH,-30562925884,30562925884,30572887114,0.33848233050803006,0.33859265045442277,OK,0,0,0,0,0,OK,12,0,0,0,23,ELEVATED,0.0029931614171089783,0.0014112306663898481,ELEVATED,0.356277368880451,0.5777760119048363,1.408395923246244,63121
2026-02-24 08:37:39,24473500,0xB4e16d0168e52d35CaCD2c6185b44281Ec28C9Dc,WETH,USDC,2001.0690629148141,70,HIGH,24473489,11,8,0,0,ELEVATED,10057550883,10057550883,56280822527,0.11098116277413897,0.6210369898788226,OK,0,0,0,0,0,ELEVATED,16,0,2,1,45,HIGH,0.005457353287057727,0.0016890258028504192,ELEVATED,0.35607576370478305,0.5767679860264759,1.4043638197328383,63351
2026-02-24 08:37:40,24473550,0xB4e16d0168e52d35CaCD2c6185b44281Ec28C9Dc,WETH,USDC,2001.028336392846,70,HIGH,24473550,0,2,0,0,HIGH,32213077554,32213077554,32436007340,0.3554623954982847,0.3579223639886173,OK,0,0,0,0,0,OK,6,0,2,1,39,HIGH,0.005457522817496835,0.0016891004020839306,ELEVATED,0.3560763243214632,0.5767707891098193,1.4043750320661261,63351
2026-02-24 08:37:40,24473600,0xB4e16d0168e52d35CaCD2c6185b44281Ec28C9Dc,WETH,USDC,2000.7132930510575,45,ELEVATED,24473555,45,0,0,0,OK,-804426738,804426738,804426738,0.008877324224111112,0.008877324224111112,OK,0,0,0,0,0,OK,0,0,0,0,0,HIGH,0.005431274943306861,0.0016823696342225527,ELEVATED,0.35608066159582363,0.5767924754816381,1.4044617775533972,63346
2026-02-24 08:37:40,24473650,0xB4e16d0168e52d35CaCD2c6185b44281Ec28C9Dc,WETH,USDC,2000.71343245544,35,ELEVATED,24473620,30,0,0,0,OK,316168,316168,316168,0.0000034891005168941512,0.0000034891005168941512,OK,0,0,0,0,0,OK,0,0,0,0,0,ELEVATED,0.0036721550745037294,0.0016816211496435982,ELEVATED,0.3560806596706063,0.576792465855549,1.4044617390491008,63346
2026-02-24 08:37:40,24473700,0xB4e16d0168e52d35CaCD2c6185b44281Ec28C9Dc,WETH,USDC,2000.7246691322844,10,OK,24473691,9,1,0,0,OK,25528201,25528201,54471799,0.00028171797391571724,0.0006011267636847654,OK,0,0,0,0,0,OK,0,0,0,0,0,OK,0.00007709509445018616,0.0016819577354178202,ELEVATED,0.3560805042244127,0.5767916886245289,1.404458630124988,63346
2026-02-24 08:37:40,24473750,0xB4e16d0168e52d35CaCD2c6185b44281Ec28C9Dc,WETH,USDC,1997.9795489348305,10,OK,24473748,2,6,0,0,OK,-6223815478,6223815478,6226086188,0.06873038079925275,0.0687554565367222,OK,0,0,0,0,0,OK,0,0,0,1,0,OK,0.0006655157004977504,0.0016953664153491121,ELEVATED,0.3561183399519835,0.5769808672624495,1.4052153446766797,63303
2026-02-24 08:37:40,24473800,0xB4e16d0168e52d35CaCD2c6185b44281Ec28C9Dc,WETH,USDC,1995.4484144271435,28,ELEVATED,24473796,4,5,0,0,ELEVATED,-11938452431,11938452431,11940723141,0.13192130181304532,0.13194639342529332,OK,0,0,0,0,0,OK,0,0,0,1,0,OK,0.0007651461179628047,0.0017056939275357909,ELEVATED,0.35615329549132385,0.5771556449591487,1.4059144554635004,63265
2026-02-24 08:37:42,24473850,0xB4e16d0168e52d35CaCD2c6185b44281Ec28C9Dc,WETH,USDC,1993.2701127717733,10,OK,24473850,0,4,0,0,OK,-8731082044,8731082044,8731082044,0.09653210639600758,0.09653210639600758,OK,0,0,0,0,0,OK,0,0,0,0,0,OK,0.0006355954894681538,0.0016442697398677379,ELEVATED,0.3561834315842667,0.5773063254238634,1.4065171773223055,63231
2026-02-24 08:37:42,24473900,0xB4e16d0168e52d35CaCD2c6185b44281Ec28C9Dc,WETH,USDC,1992.3405938937726,26,ELEVATED,24473899,1,2,0,0,OK,-7039375469,7039375469,7048154779,0.0778464794765706,0.07794356740414929,ELEVATED,11327857816072,11327857816071,-1,22655715632143,55.60914089914634,OK,4,0,0,0,5,OK,0.00040580480179474557,0.0016322437953953102,ELEVATED,0.35619630612848946,0.5773706981449221,1.4067746682065132,63212
2026-02-24 08:37:42,24473950,0xB4e16d0168e52d35CaCD2c6185b44281Ec28C9Dc,WETH,USDC,1991.3608344875909,15,OK,24473913,37,0,0,0,OK,-4328777678,4328777678,4333366106,0.04788249572609835,0.04793325032715262,OK,0,0,0,0,0,OK,3,0,0,0,0,OK,0.0004110159917944933,0.001634026921225648,ELEVATED,0.35620988637176637,0.5774385993613523,1.4070462730722797,63198
2026-02-24 08:37:42,24474000,0xB4e16d0168e52d35CaCD2c6185b44281Ec28C9Dc,WETH,USDC,1990.7238327605362,10,OK,24473994,6,2,0,0,OK,-1443639999,1443639999,1603639999,0.015971281360902284,0.017741393729300555,OK,0,0,0,0,0,OK,1,0,0,0,0,OK,0.00034158412896584335,0.0016348726277769367,ELEVATED,0.35621871963681534,0.5774827656865947,1.407222938373288,63189
2026-02-24 08:37:42,24474050,0xB4e16d0168e52d35CaCD2c6185b44281Ec28C9Dc,WETH,USDC,1990.0162927673334,15,OK,24474023,27,0,0,0,OK,-3027757026,3027757026,3208548166,0.0335026336959471,0.03550311764722857,OK,0,0,0,0,0,OK,3,0,0,0,0,OK,0.00008359530907319793,0.0016358403291832078,ELEVATED,0.3562285374565396,0.5775318547851979,1.4074192947676492,63179
2026-02-24 08:37:44,24474100,0xB4e16d0168e52d35CaCD2c6185b44281Ec28C9Dc,WETH,USDC,1988.732899345651,15,OK,24474062,38,0,0,0,OK,-2910263570,2910263570,2910263570,0.03221292249927657,0.03221292249927657,OK,0,0,0,0,0,OK,0,0,0,0,0,OK,0.0001479189286330924,0.0016385387421609665,ELEVATED,0.3562463595230507,0.5776209651178118,1.4077757360981342,63155
2026-02-24 08:37:45,24474150,0xB4e16d0168e52d35CaCD2c6185b44281Ec28C9Dc,WETH,USDC,1990.0862270422017,10,OK,24474149,1,9,0,0,OK,3078183345,3078183345,3160480601,0.0340599764248624,0.034970592293064,OK,0,0,0,0,0,OK,4,0,0,1,5,OK,0.000578844898976785,0.0016404415775633156,ELEVATED,0.35622750948844084,0.5775267149447044,1.4073987354057558,63179
2026-02-24 08:37:45,24474200,0xB4e16d0168e52d35CaCD2c6185b44281Ec28C9Dc,WETH,USDC,1987.9027653603646,10,OK,24474200,0,5,0,0,OK,-1851202423,1851202423,19013976483,0.020494673405450425,0.21050385053325954,OK,0,0,0,0,0,OK,6,0,0,1,17,OK,0.0007544660149583827,0.0016398041875403352,ELEVATED,0.356257738862284,0.5776778618139042,1.4080033228825202,63145
2026-02-24 08:37:47,24474250,0xB4e16d0168e52d35CaCD2c6185b44281Ec28C9Dc,WETH,USDC,1987.9027653603646,33,ELEVATED,24474200,50,0,0,0,ELEVATED,-10397398175,10397398175,10398029473,0.11510965911427574,0.1151166482183147,OK,0,0,0,0,0,OK,3,0,0,0,0,OK,0.0007749740194555206,0.0016160343482448166,ELEVATED,0.356257738862284,0.5776778618139042,1.4080033228825202,63145
2026-02-24 08:37:47,24474300,0xB4e16d0168e52d35CaCD2c6185b44281Ec28C9Dc,WETH,USDC,1987.8972813521405,10,OK,24474286,14,2,0,0,OK,-12436217,12436217,15204015,0.0001376816244216913,0.0001683239752837829,OK,0,0,0,0,0,OK,0,0,0,0,0,OK,0.0007356894017373684,0.0016116426823653174,ELEVATED,0.35625781507599413,0.5776782428824347,1.4080048471566242,63145
2026-02-24 08:37:50,24474350,0xB4e16d0168e52d35CaCD2c6185b44281Ec28C9Dc,WETH,USDC,1987.8637833371442,15,OK,24474320,30,0,0,0,OK,-89810103,89810103,89810103,0.000994297936277067,0.000994297936277067,OK,0,0,0,0,0,OK,0,0,0,0,0,OK,0.0005456674627122712,0.0016090371732715733,ELEVATED,0.3562582807750904,0.5776805713779771,1.4080141611388108,63145
2026-02-24 08:37:51,24474400,0xB4e16d0168e52d35CaCD2c6185b44281Ec28C9Dc,WETH,USDC,1987.8635921915886,10,OK,24474395,5,3,0,0,OK,-412820,412820,14275198,0.000004570377709217735,0.000158042359221621,OK,0,0,0,0,0,OK,1,0,0,0,0,OK,0.000008051885622521077,0.0016084165917745407,ELEVATED,0.3562582833050473,0.5776805840277774,1.4080142117379926,63145
2026-02-24 08:37:52,24474450,0xB4e16d0168e52d35CaCD2c6185b44281Ec28C9Dc,WETH,USDC,1977.1205149695654,28,ELEVATED,24474446,4,11,0,0,ELEVATED,-24404146683,24404146683,24432032171,0.2709130588282822,0.27122261863175046,OK,0,0,0,0,0,OK,16,0,0,0,23,OK,0.0027062203791114866,0.0017637503260371239,ELEVATED,0.35640824625018513,0.5784303987534779,1.4110134706408026,62974
2026-02-24 08:37:52,24474500,0xB4e16d0168e52d35CaCD2c6185b44281Ec28C9Dc,WETH,USDC,1971.017434418702,28,ELEVATED,24474500,0,8,0,0,ELEVATED,-21181664493,21181664493,21194272527,0.2355031538626413,0.23564333320369302,OK,0,0,0,0,0,OK,6,0,0,0,17,OK,0.002629578722602598,0.0018088163474857997,ELEVATED,0.3564939847071252,0.5788590910380845,1.4127282397792165,62874
2026-02-24 08:37:55,24474550,0xB4e16d0168e52d35CaCD2c6185b44281Ec28C9Dc,WETH,USDC,1970.572844410856,28,ELEVATED,24474544,6,3,0,0,ELEVATED,-14904361742,14904361742,16083547110,0.16572913078935766,0.17884108884975997,OK,0,0,0,0,0,OK,7,0,0,0,23,OK,0.0025751215454910387,0.0018090242159231181,ELEVATED,0.3565002350960874,0.5788903429828782,1.4128532475583406,62869
2026-02-24 08:37:57,24474600,0xB4e16d0168e52d35CaCD2c6185b44281Ec28C9Dc,WETH,USDC,1971.4268950097687,10,OK,24474593,7,2,0,0,OK,2425783847,2425783847,7097662381,0.02696764423635922,0.07890531311654755,OK,0,0,0,0,0,OK,3,0,0,0,0,OK,0.0027035609401743895,0.0018099779381924306,ELEVATED,0.356488131099528,0.5788298230001478,1.4126111676274955,62884
2026-02-24 08:37:57,24474650,0xB4e16d0168e52d35CaCD2c6185b44281Ec28C9Dc,WETH,USDC,1971.4400252186306,26,ELEVATED,24474628,22,1,1,1,OK,4218404930,4218404930,4251136728,0.0468962080581678,0.047260089011892624,ELEVATED,10555913845301,10555913845300,-1,21111827690601,53.99138446155871,OK,1,0,0,0,0,OK,0.001604910287094642,0.0018099788555366039,ELEVATED,0.3564879457157906,0.5788288960814434,1.4126074599526357,62884
2026-02-24 08:37:57,24474700,0xB4e16d0168e52d35CaCD2c6185b44281Ec28C9Dc,WETH,USDC,1974.6081696140882,26,ELEVATED,24474692,8,3,0,0,OK,7266085473,7266085473,7530142997,0.08071248919626486,0.08364566967318579,ELEVATED,10555913845301,10555913845300,-1,21111827690601,53.971409034569774,OK,3,0,0,0,0,OK,0.0008142197648921231,0.0018221697932282804,ELEVATED,0.3564432667210128,0.5786055011075412,1.4117138800571005,62931
2026-02-24 08:38:00,24474750,0xB4e16d0168e52d35CaCD2c6185b44281Ec28C9Dc,WETH,USDC,1974.5901141944096,10,OK,24474742,8,1,0,0,OK,3431401127,3431401127,4360294115,0.038116555746758235,0.04843484849349686,OK,0,0,0,0,0,OK,0,0,0,0,0,OK,0.0007592464120091188,0.0017982370599549718,ELEVATED,0.35644351250141415,0.5786067300094798,1.4117187956647665,62931
2026-02-24 08:38:04,24474800,0xB4e16d0168e52d35CaCD2c6185b44281Ec28C9Dc,WETH,USDC,1978.0618634221344,10,OK,24474793,7,2,0,0,OK,8342326893,8342326893,8532106891,0.09258642642677482,0.09469267951988296,OK,0,0,0,0,0,OK,0,0,0,0,0,OK,0.0009733319608533274,0.001810892938409662,ELEVATED,0.3563946755420422,0.5783625452127085,1.4107420564776925,62988
2026-02-24 08:38:07,24474850,0xB4e16d0168e52d35CaCD2c6185b44281Ec28C9Dc,WETH,USDC,1978.0533415271527,10,OK,24474827,23,1,0,0,OK,-114269998,114269998,114269998,0.0012682161289327312,0.0012682161289327312,OK,0,0,0,0,0,OK,0,0,0,0,0,OK,0.0009764725587324609,0.0017105515151639716,ELEVATED,0.3563947948982128,0.5783631419936103,1.4107444436013565,62988
2026-02-24 08:38:07,24474900,0xB4e16d0168e52d35CaCD2c6185b44281Ec28C9Dc,WETH,USDC,1977.8492136593102,15,OK,24474874,26,0,0,0,OK,-483608263,483608263,483608263,0.005367562886511897,0.005367562886511897,OK,0,0,0,0,0,OK,0,0,0,0,0,OK,0.0008989300213208545,0.0017103599061355575,ELEVATED,0.3563976541082845,0.5783774380439471,1.4108016278026503,62983
2026-02-24 08:38:09,24474950,0xB4e16d0168e52d35CaCD2c6185b44281Ec28C9Dc,WETH,USDC,1977.8458499323801,10,OK,24474934,16,1,0,0,OK,-7649999,7649999,7649999,0.00008490732834888212,0.00008490732834888212,OK,0,0,0,0,0,OK,0,0,0,0,0,OK,0.0008977801422862595,0.0017103584997084785,ELEVATED,0.35639770122756553,0.5783776736403268,1.410802570188173,62983
2026-02-24 08:38:12,24475000,0xB4e16d0168e52d35CaCD2c6185b44281Ec28C9Dc,WETH,USDC,1976.776191168574,10,OK,24474992,8,1,0,0,OK,-2440666260,2440666260,2440666260,0.027096268541490845,0.027096268541490845,OK,0,0,0,0,0,OK,0,0,0,0,0,OK,0.00025666719247137204,0.0017113578608171085,ELEVATED,0.3564126911678863,0.5784526233419016,1.4111023689944766,62969
2026-02-24 08:38:12,24475050,0xB4e16d0168e52d35CaCD2c6185b44281Ec28C9Dc,WETH,USDC,1976.7808141994562,10,OK,24475047,3,3,0,0,OK,-3272519,3272519,24369479,0.00003633145229244024,0.00027054955637541734,OK,0,0,0,0,0,OK,0,0,0,0,0,OK,0.0002580509197482073,0.0017113587693049876,ELEVATED,0.35641262616064234,0.5784522983058151,1.4111010688501608,62969
2026-02-24 08:38:20,24475100,0xB4e16d0168e52d35CaCD2c6185b44281Ec28C9Dc,WETH,USDC,1976.7013103339023,10,OK,24475080,20,1,0,0,OK,-170311258,170311258,193828648,0.001890830760473236,0.0021519256812684647,OK,0,0,0,0,0,OK,1,0,0,0,0,OK,0.0002645824332259986,0.0017113331678745196,ELEVATED,0.35641374076771537,0.57845787134106,1.4111233609911595,62969
2026-02-24 08:38:50,24475150,0xB4e16d0168e52d35CaCD2c6185b44281Ec28C9Dc,WETH,USDC,1976.9620769209382,10,OK,24475148,2,2,0,0,OK,550874630,550874630,639104620,0.0061155199409034635,0.0070950028102283996,OK,0,0,0,0,0,OK,0,0,0,0,0,OK,0.0002953700396051188,0.0017115434362696671,ELEVATED,0.35641007411892195,0.5784395380970893,1.4110500280151965,62969
2026-02-24 08:38:50,24475200,0xB4e16d0168e52d35CaCD2c6185b44281Ec28C9Dc,WETH,USDC,1981.448791474089,28,ELEVATED,24475191,9,4,0,0,ELEVATED,10322218699,10322218699,11376191431,0.11446180703937275,0.1261491803641243,OK,0,0,0,0,0,OK,1,0,1,0,23,OK,0.0011201868267129234,0.0016280725042278812,ELEVATED,0.3563470899850697,0.5781246174278027,1.4097903453380918,63040
2026-02-24 08:38:50,24475250,0xB4e16d0168e52d35CaCD2c6185b44281Ec28C9Dc,WETH,USDC,1983.0134807244576,10,OK,24475244,6,2,0,0,OK,7587412289,7587412289,8660765019,0.08410262661138022,0.0960001985944355,OK,0,0,0,0,0,OK,2,0,1,0,23,OK,0.0010493849487174518,0.0016323906760791088,ELEVATED,0.3563251785319088,0.5780150601620747,1.4093521162751623,63069
2026-02-24 08:38:51,24475300,0xB4e16d0168e52d35CaCD2c6185b44281Ec28C9Dc,WETH,USDC,1983.848978770292,10,OK,24475279,21,1,0,0,OK,4115011244,4115011244,4154791242,0.04560319711290599,0.04604404526188495,OK,0,0,0,0,0,OK,1,0,0,1,0,OK,0.0009486630009509728,0.0016314956751168252,ELEVATED,0.35631348881108393,0.5779566115578162,1.4091183218581023,63083
2026-02-24 08:38:52,24475350,0xB4e16d0168e52d35CaCD2c6185b44281Ec28C9Dc,WETH,USDC,1983.848978770292,15,OK,24475279,71,0,0,0,OK,-19889999,19889999,19889999,0.00022042407448947979,0.00022042407448947979,OK,0,0,0,0,0,OK,0,0,0,0,0,OK,0.0009859338265776135,0.0016306415966996727,ELEVATED,0.35631348881108393,0.5779566115578162,1.4091183218581023,63083
2026-02-24 08:38:53,24475400,0xB4e16d0168e52d35CaCD2c6185b44281Ec28C9Dc,WETH,USDC,1979.0554220904496,44,ELEVATED,24475400,0,4,1,1,ELEVATED,-10891928830,10891928830,10897308406,0.1208519315308777,0.12091162088072238,ELEVATED,10622476912701,10622476912700,-1,21244953825401,54.09942921490831,OK,3,0,0,0,0,OK,0.0014477499037577727,0.00165864502757163,ELEVATED,0.3563804538097932,0.5782914365514645,1.4104576218326978,63007
2026-02-24 08:38:53,24475450,0xB4e16d0168e52d35CaCD2c6185b44281Ec28C9Dc,WETH,USDC,1979.0198906361247,44,ELEVATED,24475432,18,1,0,0,ELEVATED,-10972712815,10972712815,10978092391,0.12174936549745416,0.12180905538232475,ELEVATED,10622476912701,10622476912700,-1,21244953825401,54.0996517951603,OK,3,0,0,0,0,OK,0.0012928485694843745,0.0016540274327202025,ELEVATED,0.3563809510849621,0.5782939229272959,1.4104675673360327,63002
2026-02-24 08:38:53,24475500,0xB4e16d0168e52d35CaCD2c6185b44281Ec28C9Dc,WETH,USDC,1979.0186478042033,15,OK,24475469,31,0,0,0,OK,-83542996,83542996,128004970,0.0009269640097202455,0.0014202985999606686,OK,0,0,0,0,0,OK,1,0,0,0,0,OK,0.0012065392317429557,0.001654026721132596,ELEVATED,0.3563809680685236,0.5782940078451327,1.4104679070074113,63002
2026-02-24 08:38:54,24475550,0xB4e16d0168e52d35CaCD2c6185b44281Ec28C9Dc,WETH,USDC,1978.3229330574766,10,OK,24475548,2,2,0,0,OK,-1581917663,1581917663,1581917663,0.01755548927471175,0.01755548927471175,OK,0,0,0,0,0,OK,0,0,0,0,0,OK,0.0011592178449065613,0.0016542638874487716,ELEVATED,0.35639070754850816,0.5783427052450058,1.4106626966068865,62993
2026-02-24 08:38:55,24475600,0xB4e16d0168e52d35CaCD2c6185b44281Ec28C9Dc,WETH,USDC,1975.3188700497703,10,OK,24475597,3,3,0,0,OK,-8415512094,8415512094,8580858596,0.0934628650077226,0.09529920694666928,OK,0,0,0,0,0,OK,6,0,1,0,39,OK,0.0007165660023185985,0.0016630992563206773,ELEVATED,0.35643281963972473,0.5785532657011282,1.4115049384313996,62945
2026-02-24 08:38:55,24475650,0xB4e16d0168e52d35CaCD2c6185b44281Ec28C9Dc,WETH,USDC,1975.3254404101654,10,OK,24475648,2,3,0,0,OK,17488298,17488298,27488300,0.0001942251038027558,0.0003052851638770847,OK,0,0,0,0,0,OK,1,0,0,0,0,OK,0.0007211296597704149,0.0016623077808090466,ELEVATED,0.3564327270555491,0.5785528027801882,1.4115030867475988,62945
2026-02-24 08:38:55,24475700,0xB4e16d0168e52d35CaCD2c6185b44281Ec28C9Dc,WETH,USDC,1975.4033586236446,10,OK,24475692,8,1,0,0,OK,172864990,172864990,182864992,0.0019198013129285395,0.0020308591793530132,OK,0,0,0,0,0,OK,1,0,0,0,0,OK,0.0007299948065455761,0.0016624924148135767,ELEVATED,0.3564316302308106,0.5785473186566263,1.4114811502534181,62945
2026-02-24 08:38:55,24475750,0xB4e16d0168e52d35CaCD2c6185b44281Ec28C9Dc,WETH,USDC,1975.4033586236446,15,OK,24475692,58,0,0,0,OK,2432551,2432551,2432551,0.000027015386999794645,0.000027015386999794645,OK,0,0,0,0,0,OK,0,0,0,0,0,OK,0.0007671584007784782,0.0016519636106351206,ELEVATED,0.3564316302308106,0.5785473186566263,1.4114811502534181,62945
2026-02-24 08:38:57,24475800,0xB4e16d0168e52d35CaCD2c6185b44281Ec28C9Dc,WETH,USDC,1975.3897760269172,10,OK,24475792,8,2,0,0,OK,-30669759,30669759,190669759,0.00034061289187440377,0.002117544451718242,OK,0,0,0,0,0,OK,0,0,0,0,0,OK,0.000020753550953423257,0.0016519479899045203,ELEVATED,0.356431819369481,0.5785482643499679,1.411484933026765,62945
2026-02-24 08:39:12,24475850,0xB4e16d0168e52d35CaCD2c6185b44281Ec28C9Dc,WETH,USDC,1975.4464492949826,15,OK,24475817,33,0,0,0,OK,199820224,199820224,320179776,0.0022191359713362568,0.003555808536256996,OK,0,0,0,0,0,OK,1,0,0,0,0,OK,0.000022271889547540934,0.0016521086009960036,ELEVATED,0.35643102069738486,0.5785442709894287,1.4114689595845988,62945
2026-02-24 08:39:12,24475900,0xB4e16d0168e52d35CaCD2c6185b44281Ec28C9Dc,WETH,USDC,1970.9818658907636,28,ELEVATED,24475895,5,3,0,0,ELEVATED,-10165627006,10165627006,10165627006,0.11302362195194746,0.11302362195194746,OK,0,0,0,0,0,OK,0,0,0,0,0,OK,0.0011350377854573996,0.00167425296038078,ELEVATED,0.3564937808074672,0.5788580715398246,1.4127241617861879,62874
2026-02-24 08:39:14,24475950,0xB4e16d0168e52d35CaCD2c6185b44281Ec28C9Dc,WETH,USDC,1969.447650019909,28,ELEVATED,24475941,9,1,0,0,ELEVATED,-13603470043,13603470043,13609420483,0.15130510929720034,0.1513712932908226,OK,0,0,0,0,0,OK,1,0,0,0,0,OK,0.00107195527509057,0.0016755926420223917,ELEVATED,0.35651539695265394,0.5789661522657136,1.4131564846897129,62850
2026-02-24 08:39:14,24476000,0xB4e16d0168e52d35CaCD2c6185b44281Ec28C9Dc,WETH,USDC,1968.7217521212153,10,OK,24475998,2,2,0,0,OK,-1652214322,1652214322,1658488696,0.018380198694274905,0.0184499985012773,OK,0,0,0,0,0,OK,0,0,0,0,0,OK,0.0010007024428357256,0.0016754316865622769,ELEVATED,0.3565256332180749,0.5790173335929665,1.413361209998729,62840
2026-02-24 08:39:17,24476050,0xB4e16d0168e52d35CaCD2c6185b44281Ec28C9Dc,WETH,USDC,1968.5224605825729,10,OK,24476050,0,5,0,0,OK,-2104791203,2104791203,4826364269,0.02341610149863961,0.05369398894827648,OK,0,0,0,0,0,OK,2,0,0,0,0,OK,0.0009643252023200654,0.0016528426341294918,ELEVATED,0.3565284192762992,0.5790312638840163,1.4134169311629408,62835
2026-02-24 08:39:17,24476100,0xB4e16d0168e52d35CaCD2c6185b44281Ec28C9Dc,WETH,USDC,1967.0861682030225,10,OK,24476077,23,1,0,0,OK,-3541019568,3541019568,6261111922,0.03940870423655718,0.06968114781287198,OK,0,0,0,0,0,OK,3,0,0,0,0,OK,0.0003197293956252108,0.0016535358183285421,ELEVATED,0.35654869295976604,0.5791326323013805,1.4138224048323882,62816
2026-02-24 08:39:17,24476150,0xB4e16d0168e52d35CaCD2c6185b44281Ec28C9Dc,WETH,USDC,1967.0597146560135,26,ELEVATED,24476146,4,1,1,1,OK,-581257004,581257004,581822020,0.006468967117820429,0.006475255334392254,ELEVATED,10532712025930,10532712025929,-1,21065424051859,53.96402303224571,OK,0,0,0,0,0,OK,0.00032202439866225985,0.0016535571229757554,ELEVATED,0.3565490665622265,0.5791345003136946,1.4138298768816278,62816
2026-02-24 08:39:19,24476200,0xB4e16d0168e52d35CaCD2c6185b44281Ec28C9Dc,WETH,USDC,1967.0601195242398,31,ELEVATED,24476157,43,0,0,0,OK,-59683065,59683065,61535237,0.0006642289770722104,0.0006848423003477793,ELEVATED,10532712025930,10532712025929,-1,21065424051859,53.96402047177551,OK,0,0,0,0,0,OK,0.0003487770000216092,0.001653391941196275,ELEVATED,0.3565490608269545,0.5791344716372652,1.4138297621759823,62816
2026-02-24 08:39:19,24476250,0xB4e16d0168e52d35CaCD2c6185b44281Ec28C9Dc,WETH,USDC,1967.0597713609893,10,OK,24476247,3,4,0,0,OK,-701778,701778,62176514,0.000007810277831386691,0.0006919792996176915,OK,0,0,0,0,0,OK,4,0,0,0,5,OK,0.00036276697763695174,0.001650461404646327,ELEVATED,0.35654906517308477,0.5791344933679344,1.4138298490986667,62816
2026-02-24 08:39:19,24476300,0xB4e16d0168e52d35CaCD2c6185b44281Ec28C9Dc,WETH,USDC,1967.072886845348,15,OK,24476273,27,0,0,0,OK,51023231,51023231,69633527,0.0005678494900756892,0.0007749678337524673,OK,0,0,0,0,0,OK,3,0,0,0,0,OK,0.000008445639070465263,0.001650481261206328,ELEVATED,0.3565488793826861,0.5791335644159354,1.4138261332906379,62816
2026-02-24 08:39:22,24476350,0xB4e16d0168e52d35CaCD2c6185b44281Ec28C9Dc,WETH,USDC,1967.0632949809503,15,OK,24476304,46,0,0,0,OK,-21873403,21873403,22496597,0.0002434348184716837,0.00025037050736575485,OK,0,0,0,0,0,OK,1,0,0,0,0,OK,0.000004742680415172259,0.0016494729061683774,ELEVATED,0.3565490148448395,0.5791342417266966,1.4138288425337442,62816
2026-02-24 08:39:26,24476400,0xB4e16d0168e52d35CaCD2c6185b44281Ec28C9Dc,WETH,USDC,1967.0185714886095,10,OK,24476387,13,3,1,1,OK,-101457273,101457273,457541915,0.0011291670613580549,0.005092205263674758,OK,19612,78042321,78022709,78061933,0.0008685631917464313,OK,3,0,1,0,23,OK,0.000012565485727078909,0.0014660743031514269,ELEVATED,0.35655012639067174,0.5791397994559097,1.4138510734505807,62811
2026-02-24 08:39:29,24476450,0xB4e16d0168e52d35CaCD2c6185b44281Ec28C9Dc,WETH,USDC,1969.3665352980056,10,OK,24476450,0,4,0,0,OK,5180139022,5180139022,5723327932,0.05761784283855814,0.06365964463482425,OK,19612,78042321,78022709,78061933,0.0008680444934559874,OK,1,0,1,0,23,OK,0.0006000900078149378,0.001101453851938633,ELEVATED,0.3565168939539741,0.5789736372724756,1.4131864247168302,62850
2026-02-24 08:39:59,24476500,0xB4e16d0168e52d35CaCD2c6185b44281Ec28C9Dc,WETH,USDC,1969.3420834855008,10,OK,24476491,9,2,0,0,OK,5316633782,5316633782,5428093350,0.05913641839891587,0.06037617270927029,OK,0,0,0,0,0,OK,0,0,0,0,0,OK,0.0006031931264724969,0.0011014854335808324,ELEVATED,0.35651723869363494,0.5789753609706536,1.4131933195094881,62850
2026-02-24 08:40:06,24476550,0xB4e16d0168e52d35CaCD2c6185b44281Ec28C9Dc,WETH,USDC,1969.2991889385069,10,OK,24476547,3,4,0,0,OK,-148120662,148120662,255874848,0.001647550103243404,0.0028461028093419564,OK,0,0,0,0,0,OK,4,0,1,0,27,OK,0.0006059841170716374,0.0011018671361793721,ELEVATED,0.3565178424681466,0.5789783798431954,1.4132053949996397,62850
2026-02-24 08:40:10,24476600,0xB4e16d0168e52d35CaCD2c6185b44281Ec28C9Dc,WETH,USDC,1970.015804342829,10,OK,24476588,12,3,0,0,OK,1590870036,1590870036,1872410380,0.017692066361989545,0.020823076650013705,OK,0,0,0,0,0,OK,4,0,1,0,27,OK,0.0005705475637186954,0.001104409059946186,ELEVATED,0.356507710298138,0.5789277189931834,1.4130027515995605,62860
2026-02-24 08:40:10,24476650,0xB4e16d0168e52d35CaCD2c6185b44281Ec28C9Dc,WETH,USDC,1970.015804342829,15,OK,24476588,62,0,0,0,OK,1825689,1825689,1825689,0.0000203034881627215,0.0000203034881627215,OK,0,0,0,0,0,OK,0,0,0,0,0,OK,0.00018782529188341885,0.0011043858311656299,ELEVATED,0.356507710298138,0.5789277189931834,1.4130027515995605,62860
2026-02-24 08:40:12,24476700,0xB4e16d0168e52d35CaCD2c6185b44281Ec28C9Dc,WETH,USDC,1969.9810346556192,10,OK,24476686,14,2,0,0,OK,-79226307,79226307,83704077,0.0008810835576047323,0.0009308812784771157,OK,0,0,0,0,0,OK,0,0,0,0,0,OK,0.00018872208038555075,0.0010949369470420276,ELEVATED,0.35650820022467555,0.5789301686258311,1.413012550130182,62860
2026-02-24 08:40:27,24476750,0xB4e16d0168e52d35CaCD2c6185b44281Ec28C9Dc,WETH,USDC,1969.9788334329996,10,OK,24476745,5,3,0,0,OK,-83040250,83040250,91266944,0.0009234993076747427,0.001014989232301077,OK,0,0,0,0,0,OK,1,0,1,1,23,OK,0.00018521741684125186,0.0010868113350573421,ELEVATED,0.3565082312095441,0.5789303235502421,1.4130131698278627,62860
2026-02-24 08:40:27,24476800,0xB4e16d0168e52d35CaCD2c6185b44281Ec28C9Dc,WETH,USDC,1976.867086553117,40,ELEVATED,24476793,7,3,0,0,ELEVATED,15726182818,15726182818,16620282998,0.1745870748816833,0.1845130904242928,OK,0,0,0,0,0,ELEVATED,8,0,2,1,45,OK,0.0017484033631423846,0.0011827609747456574,ELEVATED,0.3564111162683789,0.578444748844287,1.4110708710040227,62969
2026-02-24 08:40:28,24476850,0xB4e16d0168e52d35CaCD2c6185b44281Ec28C9Dc,WETH,USDC,1982.0699333242808,28,ELEVATED,24476835,15,12,0,0,ELEVATED,11913545515,11913545515,12859901395,0.1320864235593203,0.14257874622230488,OK,0,0,0,0,0,OK,4,0,0,2,5,OK,0.001806428762059472,0.0012354887608263497,ELEVATED,0.3563381044944241,0.5780796899745962,1.4096106355252875,63055
2026-02-24 08:40:30,24476900,0xB4e16d0168e52d35CaCD2c6185b44281Ec28C9Dc,WETH,USDC,1982.0668884599222,44,ELEVATED,24476896,4,1,1,1,ELEVATED,11856224901,11856224901,11990151569,0.1314510056374894,0.13293586235514437,ELEVATED,13825375078264,13825375078263,-1,27650750156527,60.51849425516751,OK,3,0,0,2,0,OK,0.0018018539949387511,0.0012343710531152094,ELEVATED,0.35633814678006287,0.5780799014028263,1.4096114812381746,63055
2026-02-24 08:40:33,24476950,0xB4e16d0168e52d35CaCD2c6185b44281Ec28C9Dc,WETH,USDC,1982.768367082771,26,ELEVATED,24476948,2,1,0,0,OK,1610843381,1610843381,1630223379,0.01785639755882799,0.01807122722697516,ELEVATED,13825375078264,13825375078263,-1,27650750156527,60.5142603706518,OK,0,0,0,0,0,OK,0.0017076498089359622,0.0012352228269026328,ELEVATED,0.356328324821321,0.5780307916091649,1.409415042063563,63064
2026-02-24 08:41:03,24477000,0xB4e16d0168e52d35CaCD2c6185b44281Ec28C9Dc,WETH,USDC,1991.3550633697334,28,ELEVATED,24476997,3,2,0,0,ELEVATED,19532547419,19532547419,19780829793,0.21605266645962845,0.2187989579589875,OK,0,0,0,0,0,OK,6,0,2,1,39,OK,0.0020312182454919414,0.0013601877944267344,ELEVATED,0.3562085168919144,0.5774317519620836,1.4070188834752009,63198
2026-02-24 08:41:03,24477050,0xB4e16d0168e52d35CaCD2c6185b44281Ec28C9Dc,WETH,USDC,1995.5045603060314,28,ELEVATED,24477047,3,7,0,0,ELEVATED,9424219228,9424219228,11305460794,0.10413417939341134,0.12492121139858257,OK,0,0,0,0,0,OK,6,0,0,1,17,OK,0.0019768424838232054,0.0013836176473043388,ELEVATED,0.3561508814075435,0.577143574540198,1.4058661737876357,63265
2026-02-24 08:41:05,24477100,0xB4e16d0168e52d35CaCD2c6185b44281Ec28C9Dc,WETH,USDC,1994.7826820776606,10,OK,24477095,5,1,0,0,OK,8729919122,8729919122,11999222346,0.09647984314428558,0.1326109753844162,OK,0,0,0,0,0,OK,5,0,0,1,11,OK,0.0020847914642824067,0.0013821827677078541,ELEVATED,0.35616086217825643,0.5771934783937905,1.4060657892020605,63255
2026-02-24 08:41:05,24477150,0xB4e16d0168e52d35CaCD2c6185b44281Ec28C9Dc,WETH,USDC,1993.1377701343001,10,OK,24477150,0,7,0,0,OK,-3793882118,3793882118,7548968540,0.041945830409383725,0.08346272875540438,OK,0,0,0,0,0,OK,4,0,1,0,27,OK,0.0023816077768407853,0.001378762988261342,ELEVATED,0.3561835907463811,0.5773071212344327,1.4065203605646632,63231
2026-02-24 08:41:06,24477200,0xB4e16d0168e52d35CaCD2c6185b44281Ec28C9Dc,WETH,USDC,1990.2555198128987,40,ELEVATED,24477200,0,6,0,0,ELEVATED,-10082848388,10082848388,10314020630,0.11155831865084058,0.11411604694783234,OK,0,0,0,0,0,ELEVATED,13,0,1,2,45,OK,0.001545141805642516,0.0013923744443876565,ELEVATED,0.3562235432485004,0.5775068837450441,1.4073194106070714,63184
2026-02-24 08:42:07,24477250,0xB4e16d0168e52d35CaCD2c6185b44281Ec28C9Dc,WETH,USDC,1954.4454246822147,82,SEVERE,24477250,0,18,0,0,HIGH,-85078644165,85078644165,85170713977,0.9498958746535773,0.9509238263264944,OK,0,0,0,0,0,ELEVATED,30,0,2,1,45,HIGH,0.008650727385813031,0.0027456780931501145,ELEVATED,0.35672728572408857,0.5800255961229761,1.4173942601187552,62612
2026-02-24 08:42:07,24477300,0xB4e16d0168e52d35CaCD2c6185b44281Ec28C9Dc,WETH,USDC,1948.9896436380839,72,HIGH,24477290,10,3,0,0,HIGH,-46173974107,46173974107,52234830935,0.5162479701237367,0.5840113605439528,OK,0,0,0,0,0,ELEVATED,22,0,2,0,45,ELEVATED,0.008274670827736925,0.0027647159227583663,ELEVATED,0.3568051921652233,0.5804151283285803,1.4189523889411604,62525
2026-02-24 08:42:11,24477350,0xB4e16d0168e52d35CaCD2c6185b44281Ec28C9Dc,WETH,USDC,1949.2282515014335,40,ELEVATED,24477340,10,1,0,0,OK,-6147048802,6147048802,8067048802,0.06872283708420522,0.09018807210214481,OK,0,0,0,0,0,OK,1,0,0,0,0,HIGH,0.008475876042783121,0.0027650175917350722,ELEVATED,0.3568017576502596,0.5803979557538038,1.4188836986420683,62530
2026-02-24 08:42:11,24477400,0xB4e16d0168e52d35CaCD2c6185b44281Ec28C9Dc,WETH,USDC,1956.1518552879968,58,HIGH,24477398,2,15,0,0,ELEVATED,15785481238,15785481238,16343603044,0.17616560926846206,0.18239423584737918,OK,0,0,0,0,0,OK,26,0,0,4,23,HIGH,0.009580858671302105,0.002726742841966495,ELEVATED,0.35670259366866847,0.5799021358459376,1.4169004190106305,62640
2026-02-24 08:42:14,24477450,0xB4e16d0168e52d35CaCD2c6185b44281Ec28C9Dc,WETH,USDC,1954.2328674535931,10,OK,24477446,4,5,0,0,OK,-2227185073,2227185073,17748397507,0.024867471260354216,0.19816842806339377,OK,0,0,0,0,0,OK,20,0,0,3,23,OK,0.002668414089999372,0.0027016268921417662,ELEVATED,0.35672984068247937,0.5800383709148379,1.4174453592861795,62612
2026-02-24 08:42:30,24477500,0xB4e16d0168e52d35CaCD2c6185b44281Ec28C9Dc,WETH,USDC,1947.5227671794032,28,ELEVATED,24477491,9,2,0,0,ELEVATED,-24020980498,24020980498,24286711568,0.2686654322909031,0.27163753215171516,OK,0,0,0,0,0,OK,4,0,2,0,27,OK,0.0029005051700984334,0.0027354706412693955,ELEVATED,0.35682578593403785,0.5805180971727734,1.419364264318014,62502
2026-02-24 08:42:30,24477550,0xB4e16d0168e52d35CaCD2c6185b44281Ec28C9Dc,WETH,USDC,1954.3774039068899,28,ELEVATED,24477548,2,6,0,0,ELEVATED,15747309520,15747309520,15887049296,0.17581799544430418,0.17737818369544336,OK,0,0,0,0,0,OK,3,0,0,0,0,OK,0.003462666348528508,0.002776834473406922,ELEVATED,0.35672748099142343,0.5800265724597232,1.4173981654658414,62612
2026-02-24 08:42:31,24477600,0xB4e16d0168e52d35CaCD2c6185b44281Ec28C9Dc,WETH,USDC,1961.38024752718,40,ELEVATED,24477600,0,6,0,0,HIGH,31860892518,31860892518,32651844972,0.3550888150509754,0.3639039594947115,OK,0,0,0,0,0,OK,4,0,1,0,27,OK,0.0034713242557849423,0.0028188259703663785,ELEVATED,0.35662757754702407,0.5795270552376596,1.4154000965775169,62726
2026-02-24 08:42:32,24477650,0xB4e16d0168e52d35CaCD2c6185b44281Ec28C9Dc,WETH,USDC,1987.9668112898817,72,HIGH,24477649,1,19,0,0,HIGH,65902163103,65902163103,70516001695,0.729542058846419,0.780617610043911,OK,0,0,0,0,0,ELEVATED,27,0,6,0,45,ELEVATED,0.006952667458006691,0.0033198169269109614,ELEVATED,0.3562530960703959,0.5776546478544087,1.4079104670445224,63150
2026-02-24 08:42:33,24477700,0xB4e16d0168e52d35CaCD2c6185b44281Ec28C9Dc,WETH,USDC,1987.9703404357228,40,ELEVATED,24477697,3,2,0,0,ELEVATED,12651898876,12651898876,12779051202,0.14005737770264443,0.14146496256582525,OK,0,0,0,0,0,ELEVATED,16,0,3,0,45,OK,0.005795954595003163,0.0033198102322224868,ELEVATED,0.3562530468661333,0.5776544018332157,1.4079094829597545,63150
2026-02-24 08:42:34,24477750,0xB4e16d0168e52d35CaCD2c6185b44281Ec28C9Dc,WETH,USDC,1987.9671334419354,10,OK,24477730,20,1,0,0,OK,762190,762190,20142188,0.00000843750172579904,0.00022297556516271365,OK,0,0,0,0,0,OK,1,0,0,0,0,OK,0.0063632775159972585,0.0033126985440161093,ELEVATED,0.3562530914001989,0.57765462450345,1.407910373640724,63150
2026-02-24 08:42:36,24477800,0xB4e16d0168e52d35CaCD2c6185b44281Ec28C9Dc,WETH,USDC,2002.2676128400012,40,ELEVATED,24477797,3,8,0,0,HIGH,32475630900,32475630900,35091686386,0.3582195124150205,0.38707567608836607,OK,0,0,0,0,0,OK,2,0,0,0,0,OK,0.006486826179650091,0.0034385767933448265,ELEVATED,0.356054756366023,0.5766629493326613,1.4039436729575405,63375
2026-02-24 08:42:39,24477850,0xB4e16d0168e52d35CaCD2c6185b44281Ec28C9Dc,WETH,USDC,1989.59390165802,28,ELEVATED,24477850,0,7,0,0,ELEVATED,5083856755,5083856755,62483460531,0.056255076071874105,0.6914065432603536,OK,0,0,0,0,0,OK,2,0,0,0,0,OK,0.005523570598382945,0.003542854121860768,ELEVATED,0.35622987289602603,0.5775385319826383,1.4074460035574454,63174
2026-02-24 08:42:39,24477900,0xB4e16d0168e52d35CaCD2c6185b44281Ec28C9Dc,WETH,USDC,1984.8353240361596,68,HIGH,24477900,0,7,1,1,HIGH,-27371379886,27371379886,27908355296,0.30324181568300346,0.3091908543863394,HIGH,14304884834479,14304985184172,100349693,28609870018651,61.31257920003992,OK,7,0,2,1,24,OK,0.0056806167334751256,0.0035577079540264436,ELEVATED,0.3562966665119244,0.5778725000621354,1.4087818758754467,63102
2026-02-24 08:42:43,24477950,0xB4e16d0168e52d35CaCD2c6185b44281Ec28C9Dc,WETH,USDC,1982.4997459689073,33,ELEVATED,24477920,30,0,0,0,ELEVATED,-14217685409,14217685409,14433058111,0.15760739198542928,0.1599948642701647,OK,19818,100369512,100349694,100389330,0.0011126143645678115,OK,6,0,2,1,23,OK,0.005683925787511729,0.00356052460799828,ELEVATED,0.3563292376372817,0.5780353556888981,1.4094332983824853,63064
2026-02-24 08:42:43,24478000,0xB4e16d0168e52d35CaCD2c6185b44281Ec28C9Dc,WETH,USDC,1965.1991209241319,40,ELEVATED,24477989,11,1,0,0,HIGH,-39388580724,39388580724,39388580724,0.438549323894311,0.438549323894311,OK,0,0,0,0,0,OK,0,0,0,0,0,OK,0.0035102793769193432,0.0037408892657350636,ELEVATED,0.35657231030772774,0.5792507190411009,1.4142947517912272,62788
2026-02-24 08:42:43,24478050,0xB4e16d0168e52d35CaCD2c6185b44281Ec28C9Dc,WETH,USDC,1966.695941772948,10,OK,24478042,8,9,0,0,OK,3298116222,3298116222,3654238640,0.03670696545683387,0.04067049263902732,OK,0,0,0,0,0,OK,9,0,0,0,8,OK,0.004124163684497285,0.003742563881898144,ELEVATED,0.3565510888757681,0.579144611881303,1.413870323152044,62811
2026-02-24 08:42:45,24478100,0xB4e16d0168e52d35CaCD2c6185b44281Ec28C9Dc,WETH,USDC,1967.9174537730305,15,OK,24478058,42,0,0,0,OK,6216756936,6216756936,6318879028,0.06916898209321594,0.07030521457352498,OK,0,0,0,0,0,OK,8,0,0,0,3,OK,0.0045039767808808945,0.003743596099096928,ELEVATED,0.3565337894142581,0.5790581145737961,1.4135243339221095,62830
2026-02-24 08:42:48,24478150,0xB4e16d0168e52d35CaCD2c6185b44281Ec28C9Dc,WETH,USDC,1959.5467530135634,28,ELEVATED,24478132,18,3,0,0,ELEVATED,-19106674391,19106674391,19187533509,0.21303787779888883,0.21393945044030693,OK,0,0,0,0,0,OK,1,0,0,0,0,OK,0.004548137070363674,0.0037695132555752094,ELEVATED,0.35665230468924913,0.579650690948709,1.41589463942164,62697
2026-02-24 08:42:50,24478200,0xB4e16d0168e52d35CaCD2c6185b44281Ec28C9Dc,WETH,USDC,1959.8949677010473,28,ELEVATED,24478200,0,3,0,0,ELEVATED,-12896650721,12896650721,14629460265,0.14378381772393656,0.16310278487399635,OK,0,0,0,0,0,OK,2,0,1,0,23,OK,0.0024042243840701628,0.0037676184479527946,ELEVATED,0.35664734323721775,0.579625883688503,1.4157954103808634,62702
2026-02-24 08:42:53,24478250,0xB4e16d0168e52d35CaCD2c6185b44281Ec28C9Dc,WETH,USDC,1959.3021493555038,10,OK,24478250,0,13,0,0,OK,-807849383,807849383,3918433795,0.009008011370218564,0.043692917171923716,OK,0,0,0,0,0,OK,14,0,3,1,42,OK,0.002245889391975862,0.003766743127732244,ELEVATED,0.3566557455084577,0.5796678950447127,1.415963455805681,62693
2026-02-24 08:42:53,24478300,0xB4e16d0168e52d35CaCD2c6185b44281Ec28C9Dc,WETH,USDC,1962.9854193019098,10,OK,24478288,12,2,0,0,OK,8920241764,8920241764,8932749358,0.09937261327580596,0.09951194944341846,OK,0,0,0,0,0,OK,13,0,2,1,33,OK,0.00259784799342219,0.003776480638858236,ELEVATED,0.3566033359239605,0.5794058471223704,1.4149152641163874,62754
2026-02-24 08:42:55,24478350,0xB4e16d0168e52d35CaCD2c6185b44281Ec28C9Dc,WETH,USDC,1984.0768994868138,40,ELEVATED,24478345,5,5,0,0,HIGH,50443838960,50443838960,50538159014,0.5589513514820912,0.5599964805353532,OK,0,0,0,0,0,OK,11,0,0,1,6,OK,0.0051373293437917385,0.004020069846065048,ELEVATED,0.35630604012743594,0.5779193681397219,1.4089693481858254,63088
2026-02-24 08:42:55,24478400,0xB4e16d0168e52d35CaCD2c6185b44281Ec28C9Dc,WETH,USDC,1988.1897186629253,28,ELEVATED,24478380,20,1,0,0,ELEVATED,9390625839,9390625839,9405293511,0.10394655004284374,0.10410890917925274,OK,0,0,0,0,0,OK,4,0,0,1,0,OK,0.004856662670007322,0.0040287119482010185,ELEVATED,0.3562486200076741,0.5776322675408192,1.407820945790136,63155
2026-02-24 08:42:56,24478450,0xB4e16d0168e52d35CaCD2c6185b44281Ec28C9Dc,WETH,USDC,1996.606405436169,28,ELEVATED,24478449,1,1,0,0,ELEVATED,20331412838,20331412838,31964104902,0.22457611623681897,0.353068160834393,OK,0,0,0,0,0,OK,0,0,0,0,0,OK,0.004121029240964849,0.004064673551411876,ELEVATED,0.35613155966221477,0.5770469658135022,1.4054797388808444,63288
2026-02-24 08:42:56,24478500,0xB4e16d0168e52d35CaCD2c6185b44281Ec28C9Dc,WETH,USDC,1997.5278500896816,10,OK,24478498,2,7,0,0,OK,-3724388468,3724388468,7908303596,0.04112923570488533,0.08733312473184154,OK,0,0,0,0,0,OK,0,0,0,0,0,OK,0.004490454110327077,0.004064321927487156,ELEVATED,0.3561188007235585,0.5769831711203085,1.4052245601080897,63303
2026-02-24 08:43:00,24478550,0xB4e16d0168e52d35CaCD2c6185b44281Ec28C9Dc,WETH,USDC,1997.4849385838693,15,OK,24478523,27,0,0,0,OK,1994860511,1994860511,2203756477,0.02202991675842779,0.0243368252950274,OK,0,0,0,0,0,OK,2,0,0,0,0,OK,0.0019154353850626992,0.004058298888882011,ELEVATED,0.35611939279217214,0.5769861314633808,1.4052364014804333,63303
2026-02-24 08:43:01,24478600,0xB4e16d0168e52d35CaCD2c6185b44281Ec28C9Dc,WETH,USDC,2006.9955591515095,28,ELEVATED,24478600,0,2,0,0,ELEVATED,21564110505,21564110505,21564110505,0.2375739799259452,0.2375739799259452,OK,0,0,0,0,0,OK,0,0,0,0,0,OK,0.0024808657896393787,0.004101372512601288,ELEVATED,0.3559882123168197,0.5763302290866481,1.402612791973457,63451
2026-02-24 08:43:02,24478650,0xB4e16d0168e52d35CaCD2c6185b44281Ec28C9Dc,WETH,USDC,2005.4250817244686,26,ELEVATED,24478648,2,4,1,1,OK,-307641003,307641003,6961039957,0.003390636710225336,0.07672045465132486,ELEVATED,13668631921434,13668631921433,-1,27337263842867,60.10334125396969,OK,2,0,0,0,0,OK,0.0024854897435865222,0.004103564448249217,ELEVATED,0.35600974322635154,0.5764378836342393,1.4030434101638125,63427
2026-02-24 08:43:03,24478700,0xB4e16d0168e52d35CaCD2c6185b44281Ec28C9Dc,WETH,USDC,2000.3099936783137,44,ELEVATED,24478682,18,1,0,0,ELEVATED,-15137640592,15137640592,15254601908,0.16705095647978835,0.1683416794025707,ELEVATED,13668631921434,13668631921433,-1,27337263842867,60.13391139000558,OK,5,0,0,0,0,OK,0.003120564333760929,0.004119745496163005,ELEVATED,0.3560800508101608,0.5767894215532754,1.4044495618399553,63346
2026-02-24 08:43:03,24478750,0xB4e16d0168e52d35CaCD2c6185b44281Ec28C9Dc,WETH,USDC,2002.1260120728405,10,OK,24478732,18,1,0,0,OK,-3556382512,3556382512,11793699382,0.03922851743608906,0.130089870895974,OK,0,0,0,0,0,OK,0,0,0,0,0,OK,0.003118471272827504,0.004120626180393421,ELEVATED,0.356054983369971,0.5766640843523521,1.4039482130362784,63375
2026-02-24 08:43:03,24478800,0xB4e16d0168e52d35CaCD2c6185b44281Ec28C9Dc,WETH,USDC,2002.1216088562526,15,OK,24478765,35,0,0,0,OK,4108704323,4108704323,4128612547,0.045320928106619696,0.04554052511767346,OK,0,0,0,0,0,OK,0,0,0,0,0,OK,0.001469764669013161,0.004120653884212664,ELEVATED,0.3560550439263357,0.5766643871342115,1.403949424163757,63375
2026-02-24 08:43:03,24478850,0xB4e16d0168e52d35CaCD2c6185b44281Ec28C9Dc,WETH,USDC,1996.9615017646474,28,ELEVATED,24478844,6,6,0,0,ELEVATED,-11672717100,11672717100,11672717100,0.12892151621612238,0.12892151621612238,OK,0,0,0,0,0,OK,0,0,0,0,0,OK,0.0017826809024542375,0.00412417394840585,ELEVATED,0.3561261471538882,0.5770199032719523,1.4053714887146498,63293
2026-02-24 08:43:11,24478900,0xB4e16d0168e52d35CaCD2c6185b44281Ec28C9Dc,WETH,USDC,1996.6075356325014,28,ELEVATED,24478898,2,3,0,0,ELEVATED,-10545216128,10545216128,10800189880,0.11647892309193653,0.11929527770138003,OK,0,0,0,0,0,OK,0,0,0,0,0,OK,0.0014895813797341357,0.0041224008734796645,ELEVATED,0.3561310323607382,0.5770443293061706,1.4054691928515735,63288
2026-02-24 08:43:18,24478950,0xB4e16d0168e52d35CaCD2c6185b44281Ec28C9Dc,WETH,USDC,1994.3455016021292,10,OK,24478944,6,3,0,0,OK,-5863849467,5863849467,6152169259,0.06480678187792117,0.0679932684984229,OK,0,0,0,0,0,OK,6,0,0,1,0,OK,0.001181236108487581,0.004125524614640603,ELEVATED,0.3561622967637428,0.5772006513212254,1.4060944809117597,63255
2026-02-24 08:43:19,24479000,0xB4e16d0168e52d35CaCD2c6185b44281Ec28C9Dc,WETH,USDC,1993.2388181401998,10,OK,24478990,10,1,0,0,OK,-2532684081,2532684081,2540722425,0.027998773880077647,0.028087637618636547,OK,0,0,0,0,0,OK,2,0,0,0,0,OK,0.0010553496453938503,0.004126555276670286,ELEVATED,0.35617761210889276,0.5772772280469634,1.406400787814711,63236
2026-02-24 08:43:20,24479050,0xB4e16d0168e52d35CaCD2c6185b44281Ec28C9Dc,WETH,USDC,1994.7312228746218,15,OK,24479023,27,0,0,0,OK,3391168381,3391168381,3391168381,0.03747525338867993,0.03747525338867993,OK,0,0,0,0,0,OK,0,0,0,0,0,OK,0.0007900484460334873,0.004125228696080556,ELEVATED,0.3561568995686037,0.5771736653455423,1.4059865370090134,63260
2026-02-24 08:43:35,24479100,0xB4e16d0168e52d35CaCD2c6185b44281Ec28C9Dc,WETH,USDC,1994.7243773634966,10,OK,24479099,1,1,0,0,OK,-15503999,15503999,15503999,0.0001713324793271175,0.0001713324793271175,OK,0,0,0,0,0,OK,0,0,0,0,0,OK,0.0008022240446944791,0.004125218436738354,ELEVATED,0.3561569942369821,0.5771741386874146,1.4059884303765313,63260
2026-02-24 08:43:35,24479150,0xB4e16d0168e52d35CaCD2c6185b44281Ec28C9Dc,WETH,USDC,1994.687346354701,10,OK,24479149,1,3,0,0,OK,-99365210,99365210,105114952,0.0010980809249320333,0.0011616210916914108,OK,0,0,0,0,0,OK,3,0,0,0,0,OK,0.0005358145733984421,0.0041252377146897,ELEVATED,0.3561575063043599,0.577176699024221,1.4059986717237487,63260
2026-02-24 08:43:35,24479200,0xB4e16d0168e52d35CaCD2c6185b44281Ec28C9Dc,WETH,USDC,1995.5931766515369,10,OK,24479185,15,3,0,0,OK,2050183518,2050183518,2076840538,0.02265134489830029,0.022945863583422647,OK,0,0,0,0,0,OK,4,0,0,0,0,OK,0.0003734037437671044,0.004125212425542325,ELEVATED,0.35614494546417047,0.5771138948233867,1.405747454920382,63274
2026-02-24 08:43:36,24479250,0xB4e16d0168e52d35CaCD2c6185b44281Ec28C9Dc,WETH,USDC,1995.5931766515369,15,OK,24479185,65,0,0,0,OK,2058704949,2058704949,2058704949,0.022745493481055635,0.022745493481055635,OK,0,0,0,0,0,OK,0,0,0,0,0,OK,0.00023081620578753676,0.004125219133176634,ELEVATED,0.35614494546417047,0.5771138948233867,1.405747454920382,63274
2026-02-24 08:43:36,24479300,0xB4e16d0168e52d35CaCD2c6185b44281Ec28C9Dc,WETH,USDC,1995.5236005526585,10,OK,24479291,9,2,0,0,OK,-157546113,157546113,157546113,0.0017406702520636416,0.0017406702520636416,OK,0,0,0,0,0,OK,0,0,0,0,0,OK,0.0002363438078240364,0.004125252172168231,ELEVATED,0.35614590704937626,0.577118702749341,1.405766686624203,63274
2026-02-24 08:43:37,24479350,0xB4e16d0168e52d35CaCD2c6185b44281Ec28C9Dc,WETH,USDC,1995.2743298536216,10,OK,24479328,22,1,0,0,OK,-714666104,714666104,714666104,0.00789658082458972,0.00789658082458972,OK,0,0,0,0,0,OK,0,0,0,0,0,OK,0.0002590438312853332,0.004125387314141857,ELEVATED,0.35614935253909014,0.57713593019802,1.405835596418962,63269
2026-02-24 08:43:37,24479400,0xB4e16d0168e52d35CaCD2c6185b44281Ec28C9Dc,WETH,USDC,1995.5039999001267,22,OK,24479384,16,10,0,0,OK,21656678,21656678,1029216498,0.00023927796585691577,0.011371496130099844,OK,0,0,0,0,0,ELEVATED,27,0,5,2,45,OK,0.0000992809783789997,0.0041234884854860245,ELEVATED,0.35614616833024565,0.5771200091537696,1.4057719122419896,63274
2026-02-24 08:43:37,24479450,0xB4e16d0168e52d35CaCD2c6185b44281Ec28C9Dc,WETH,USDC,1995.5047145793123,26,ELEVATED,24479449,1,12,0,0,OK,836079,836079,11181531,0.000009237577726020557,0.00012354127027279523,ELEVATED,18132096304565,18132096304564,-1,36264192609129,66.70394847488498,OK,21,0,3,0,39,OK,0.00009929457279409791,0.004123476221541848,ELEVATED,0.35614615836066066,0.5771199593058103,1.405771712850076,63274
2026-02-24 08:43:38,24479500,0xB4e16d0168e52d35CaCD2c6185b44281Ec28C9Dc,WETH,USDC,1995.5353461939594,10,OK,24479488,12,11,0,0,OK,71528142,71528142,286047164,0.0007902861682457665,0.003160422050039107,OK,0,0,0,0,0,OK,20,0,2,0,33,OK,0.00009845622133604862,0.004123440944369006,ELEVATED,0.3561457317895052,0.5771178264500121,1.4057631814269926,63274
2026-02-24 08:43:39,24479550,0xB4e16d0168e52d35CaCD2c6185b44281Ec28C9Dc,WETH,USDC,1995.5177697911158,10,OK,24479539,11,1,0,0,OK,133049736,133049736,216628400,0.0014700204070558036,0.0023934520903359587,OK,0,0,0,0,0,OK,6,0,1,0,23,OK,0.000057272399536587676,0.0041235089517684086,ELEVATED,0.35614597471214393,0.5771190410631795,1.405768039879563,63274
2026-02-24 08:43:40,24479600,0xB4e16d0168e52d35CaCD2c6185b44281Ec28C9Dc,WETH,USDC,1997.3941053724852,10,OK,24479587,13,5,0,0,OK,4220776107,4220776107,4303918999,0.04661195010411606,0.0475301348727866,OK,0,0,0,0,0,OK,9,0,0,0,0,OK,0.0004688723137360449,0.00412446749155642,ELEVATED,0.35611998205984363,0.5769890778018016,1.4052481868341131,63303
2026-02-24 08:43:42,24479650,0xB4e16d0168e52d35CaCD2c6185b44281Ec28C9Dc,WETH,USDC,1997.2668401196547,10,OK,24479638,12,1,0,0,OK,1757413383,1757413383,2334704069,0.019408532631983687,0.025784019029068468,OK,0,0,0,0,0,OK,2,0,0,0,0,OK,0.00048058592529779114,0.004124520300106756,ELEVATED,0.35612173860327817,0.5769978605189073,1.4052833177025255,63298
2026-02-24 08:43:42,24479700,0xB4e16d0168e52d35CaCD2c6185b44281Ec28C9Dc,WETH,USDC,1997.2666431548216,10,OK,24479686,14,1,0,0,OK,-644938,644938,644938,0.000007122570566477456,0.000007122570566477456,OK,0,0,0,0,0,OK,0,0,0,0,0,OK,0.00048284269907259813,0.004124519304581057,ELEVATED,0.35612174132195984,0.5769978741123023,1.4052833720761517,63298
2026-02-24 08:43:42,24479750,0xB4e16d0168e52d35CaCD2c6185b44281Ec28C9Dc,WETH,USDC,1995.0135267356932,10,OK,24479745,5,5,0,0,OK,-5101287602,5101287602,5305756532,0.05636938833478838,0.058628776437715545,OK,0,0,0,0,0,OK,4,0,0,0,0,OK,0.0008456607574154663,0.004105419166476359,ELEVATED,0.35615286527360146,0.5771534938705334,1.4059058511090596,63265
2026-02-24 08:43:46,24479800,0xB4e16d0168e52d35CaCD2c6185b44281Ec28C9Dc,WETH,USDC,1995.013333300506,10,OK,24479782,18,1,0,0,OK,-5202114232,5202114232,5207086312,0.05748352852722065,0.05753847017013219,OK,0,0,0,0,0,OK,4,0,0,0,0,OK,0.0005545277553493054,0.004092355363995712,ELEVATED,0.35615286792828277,0.5771535071438364,1.4059059042022195,63265
2026-02-24 08:43:49,24479850,0xB4e16d0168e52d35CaCD2c6185b44281Ec28C9Dc,WETH,USDC,1994.8518565914549,10,OK,24479849,1,2,0,0,OK,-364613780,364613780,370074218,0.004029156738792207,0.004089497191543216,OK,0,0,0,0,0,OK,1,0,0,0,0,OK,0.0005521620100267202,0.004092405843385025,ELEVATED,0.3561551006531334,0.5771646707682421,1.405950558699891,63260
2026-02-24 08:43:50,24479900,0xB4e16d0168e52d35CaCD2c6185b44281Ec28C9Dc,WETH,USDC,1994.6302565986575,10,OK,24479893,7,1,0,0,OK,-860719134,860719134,865343822,0.009511885825558408,0.009562993675375105,OK,0,0,0,0,0,OK,1,0,0,0,0,OK,0.0005344049793787534,0.0040923738308571555,ELEVATED,0.35615816515918564,0.5771799932985123,1.4060118488209448,63260
2026-02-24 08:43:50,24479950,0xB4e16d0168e52d35CaCD2c6185b44281Ec28C9Dc,WETH,USDC,1994.6302565986575,15,OK,24479893,57,0,0,0,OK,-503031478,503031478,503031478,0.005559046843959085,0.005559046843959085,OK,0,0,0,0,0,OK,0,0,0,0,0,OK,0.00005675849887669979,0.004054031364751267,ELEVATED,0.35615816515918564,0.5771799932985123,1.4060118488209448,63260
2026-02-24 08:43:50,24480000,0xB4e16d0168e52d35CaCD2c6185b44281Ec28C9Dc,WETH,USDC,1994.4651155040458,15,OK,24479973,27,0,0,0,OK,-374033351,374033351,375966649,0.004133647614517828,0.004155013550588732,OK,0,0,0,0,0,OK,0,0,0,0,0,OK,0.000047837876292667914,0.004044909313801644,ELEVATED,0.35616044922507084,0.5771914136279164,1.406057530138573,63255
2026-02-24 08:43:50,24480050,0xB4e16d0168e52d35CaCD2c6185b44281Ec28C9Dc,WETH,USDC,1994.4664768326597,10,OK,24480029,21,1,0,0,OK,3092682,3092682,3092682,0.00003417891257058081,0.00003417891257058081,OK,0,0,0,0,0,OK,0,0,0,0,0,OK,0.0000573440544309626,0.0040446391987381414,ELEVATED,0.3561604303385732,0.5771913191954512,1.4060571524086836,63255
2026-02-24 08:43:50,24480100,0xB4e16d0168e52d35CaCD2c6185b44281Ec28C9Dc,WETH,USDC,1994.3037885079264,10,OK,24480099,1,1,0,0,OK,-367366201,367366201,369625571,0.0040601292438289536,0.0040850997887094,OK,0,0,0,0,0,OK,0,0,0,0,0,OK,0.00004764983642777541,0.004043191184103801,ELEVATED,0.35616268077261076,0.5772025713655239,1.4061021610889997,63255
2026-02-24 08:43:50,24480150,0xB4e16d0168e52d35CaCD2c6185b44281Ec28C9Dc,WETH,USDC,1994.3837124954593,10,OK,24480135,15,5,0,0,OK,105077814,105077814,258077788,0.0011612961206610704,0.002852217062996668,OK,0,0,0,0,0,OK,1,0,0,0,0,OK,0.00006136217072174569,0.004038584050523541,ELEVATED,0.3561615718394871,0.5771970266998311,1.4060799824261583,63255
2026-02-24 08:43:51,24480200,0xB4e16d0168e52d35CaCD2c6185b44281Ec28C9Dc,WETH,USDC,1994.3804701744998,26,ELEVATED,24480194,6,1,0,0,OK,173686833,173686833,188374831,0.0019195489647569472,0.0020818775124555058,ELEVATED,17337915038948,17337915038947,-1,34675830077895,65.70819380871914,OK,0,0,0,0,0,OK,0.00005103271432211346,0.003241613615863639,ELEVATED,0.3561616166899195,0.5771972509520625,1.4060808794351216,63255
2026-02-24 08:43:51,24480250,0xB4e16d0168e52d35CaCD2c6185b44281Ec28C9Dc,WETH,USDC,1989.1850182643873,28,ELEVATED,24480249,1,5,0,0,ELEVATED,-11782956408,11782956408,11785698652,0.1303923567224394,0.13042270289749824,OK,0,0,0,0,0,OK,3,0,0,0,0,OK,0.0012980167537890207,0.003238583406574765,ELEVATED,0.3562336251741617,0.577557293373272,1.407521049119936,63174
2026-02-24 08:43:51,24480300,0xB4e16d0168e52d35CaCD2c6185b44281Ec28C9Dc,WETH,USDC,1986.844550737048,28,ELEVATED,24480300,0,3,0,0,ELEVATED,-16609424459,16609424459,16613506861,0.18391100106976913,0.18395620423983938,OK,0,0,0,0,0,OK,7,0,1,0,24,OK,0.001249141942801875,0.0032445452617147594,ELEVATED,0.35626615600412276,0.5777199475232069,1.40817166571979,63135
2026-02-24 08:43:52,24480350,0xB4e16d0168e52d35CaCD2c6185b44281Ec28C9Dc,WETH,USDC,1976.8179471458186,28,ELEVATED,24480347,3,7,0,0,ELEVATED,-22889860042,22889860042,22896335884,0.2540933025386102,0.2541651888707013,OK,0,0,0,0,0,OK,12,0,1,0,39,OK,0.002177193282967183,0.003290307542286915,ELEVATED,0.3564061716825417,0.5784200259152714,1.4109719792880133,62974
2026-02-24 08:43:53,24480400,0xB4e16d0168e52d35CaCD2c6185b44281Ec28C9Dc,WETH,USDC,1976.5455762565334,10,OK,24480376,24,1,0,0,OK,-7160049756,7160049756,7481274278,0.07948697580572237,0.08305303563470923,OK,0,0,0,0,0,OK,2,0,0,0,0,OK,0.0021317093368014256,0.0032870126562901153,ELEVATED,0.35640998706411375,0.5784391028230182,1.4110482869189127,62969
2026-02-24 08:43:53,24480450,0xB4e16d0168e52d35CaCD2c6185b44281Ec28C9Dc,WETH,USDC,1976.5813427379683,10,OK,24480450,0,4,1,1,OK,241628600,241628600,246129370,0.0026824273508830555,0.002732392415234022,OK,19706,75371636,75351930,75391342,0.0008367273004968483,OK,3,0,2,0,23,OK,0.0023735388093973657,0.003251776415187809,ELEVATED,0.3564099483865667,0.5784389094353041,1.4110475133680722,62969
2026-02-24 08:43:56,24480500,0xB4e16d0168e52d35CaCD2c6185b44281Ec28C9Dc,WETH,USDC,1973.8541867034774,10,OK,24480488,12,1,0,0,OK,-6133733599,6133733599,6287029459,0.06814027822207111,0.069843257717691,OK,19706,75371636,75351930,75391342,0.0008373042554843823,OK,4,0,2,0,23,OK,0.002363935914993727,0.0032294649086849446,ELEVATED,0.3564482230397664,0.5786302827013751,1.4118130064324017,62926
2026-02-24 08:43:56,24480550,0xB4e16d0168e52d35CaCD2c6185b44281Ec28C9Dc,WETH,USDC,1974.8317099162773,15,OK,24480516,34,0,0,0,OK,2233154410,2233154410,2233154410,0.02480219238657677,0.02480219238657677,OK,0,0,0,0,0,OK,0,0,0,0,0,OK,0.0007996049785537585,0.003198153099109951,ELEVATED,0.3564344534338449,0.578561434671812,1.4115376143141685,62945
2026-02-24 08:43:56,24480600,0xB4e16d0168e52d35CaCD2c6185b44281Ec28C9Dc,WETH,USDC,1975.2229871349139,10,OK,24480600,0,3,0,0,OK,893330021,893330021,932090019,0.009920650749937554,0.01035109011074157,OK,0,0,0,0,0,OK,2,0,0,0,0,OK,0.0008324653238415443,0.002665507223289239,ELEVATED,0.35642894432336414,0.5785338891192912,1.4114274321040314,62950
2026-02-24 08:43:58,24480650,0xB4e16d0168e52d35CaCD2c6185b44281Ec28C9Dc,WETH,USDC,1982.608957904337,28,ELEVATED,24480644,6,7,0,0,ELEVATED,17738690924,17738690924,17777450922,0.1966247188285497,0.19705435446182146,OK,0,0,0,0,0,OK,2,0,0,0,0,OK,0.0021450094663039345,0.0027120217394881944,ELEVATED,0.3563252642958022,0.5780154889814524,1.4093538315526664,63069
2026-02-24 08:43:59,24480700,0xB4e16d0168e52d35CaCD2c6185b44281Ec28C9Dc,WETH,USDC,1982.718316182519,28,ELEVATED,24480697,3,1,0,0,ELEVATED,14257381973,14257381973,14287002869,0.15803174496468256,0.15836006904908756,OK,0,0,0,0,0,OK,0,0,0,0,0,OK,0.0017510520478887124,0.002712047747777593,ELEVATED,0.35632373326909883,0.5780078338479433,1.4093232110186302,63069
2026-02-24 08:43:59,24480750,0xB4e16d0168e52d35CaCD2c6185b44281Ec28C9Dc,WETH,USDC,1982.7186613595013,15,OK,24480718,32,0,0,0,OK,1257596,1257596,1257596,0.000013939450692376385,0.000013939450692376385,OK,0,0,0,0,0,OK,0,0,0,0,0,OK,0.0018258343345421931,0.0025383667977200448,ELEVATED,0.3563237284376417,0.5780078096906954,1.409323114389684,63069
2026-02-24 08:44:01,24480800,0xB4e16d0168e52d35CaCD2c6185b44281Ec28C9Dc,WETH,USDC,1985.8970198319237,10,OK,24480777,23,1,0,0,OK,7239114990,7239114990,7239114990,0.08017549510297738,0.08017549510297738,OK,0,0,0,0,0,OK,0,0,0,0,0,OK,0.0017547574500769562,0.002412361772579916,ELEVATED,0.35627929436019884,0.577785639303564,1.4084344328411431,63121
2026-02-24 08:44:02,24480850,0xB4e16d0168e52d35CaCD2c6185b44281Ec28C9Dc,WETH,USDC,1986.0780640050996,10,OK,24480848,2,4,0,0,OK,798706895,798706895,866024581,0.008845528352878728,0.009591059039906523,OK,0,0,0,0,0,OK,0,0,0,0,0,OK,0.0007773590135850267,0.0023920002402960145,ELEVATED,0.35627676591861973,0.5777729970956116,1.4083838640093227,63121
2026-02-24 08:44:17,24480900,0xB4e16d0168e52d35CaCD2c6185b44281Ec28C9Dc,WETH,USDC,1986.0780640050996,15,OK,24480848,52,0,0,0,OK,445937071,445937071,445937071,0.004938669028430253,0.004938669028430253,OK,0,0,0,0,0,OK,0,0,0,0,0,OK,0.000786823198767181,0.00238682381702158,ELEVATED,0.35627676591861973,0.5777729970956116,1.4083838640093227,63121
2026-02-24 08:44:17,24480950,0xB4e16d0168e52d35CaCD2c6185b44281Ec28C9Dc,WETH,USDC,1987.4516879664116,26,ELEVATED,24480944,6,4,1,1,OK,3126717427,3126717427,3157725425,0.03461581960282983,0.034959108464095036,ELEVATED,17298909757823,17298909757822,-1,34597819515645,65.69654765443444,OK,3,0,0,1,0,OK,0.0007372707336402917,0.002084348039515481,ELEVATED,0.35625759773466054,0.5776771561758215,1.408000500330129,63145
2026-02-24 08:44:19,24481000,0xB4e16d0168e52d35CaCD2c6185b44281Ec28C9Dc,WETH,USDC,1987.4646977385091,26,ELEVATED,24480991,9,1,0,0,OK,17569004,17569004,49358748,0.00019450541780390934,0.0005464478181015768,ELEVATED,17298909757823,17298909757822,-1,34597819515645,65.69647378045786,OK,3,0,0,0,0,OK,0.00033201516073759463,0.0020831019358544473,ELEVATED,0.3562574162808162,0.5776762489066395,1.4079968712534285,63145
2026-02-24 08:44:19,24481050,0xB4e16d0168e52d35CaCD2c6185b44281Ec28C9Dc,WETH,USDC,1988.732729987735,10,OK,24481047,3,5,0,0,OK,2884963729,2884963729,2885745475,0.031929065761530206,0.03193771766213884,OK,0,0,0,0,0,OK,0,0,0,0,0,OK,0.00038245229938613153,0.0020831650646537386,ELEVATED,0.3562397396450574,0.5775878657277081,1.4076433385377058,63165
2026-02-24 08:44:20,24481100,0xB4e16d0168e52d35CaCD2c6185b44281Ec28C9Dc,WETH,USDC,1992.560845953368,28,ELEVATED,24481076,24,1,0,0,ELEVATED,11589907215,11589907215,11589907215,0.12814675122549377,0.12814675122549377,OK,0,0,0,0,0,OK,0,0,0,0,0,OK,0.000801675857315843,0.002010183401241677,ELEVATED,0.3561864773764878,0.5773215543849387,1.4065780931666496,63227
2026-02-24 08:44:22,24481150,0xB4e16d0168e52d35CaCD2c6185b44281Ec28C9Dc,WETH,USDC,1992.560845953368,15,OK,24481076,74,0,0,0,OK,298198835,298198835,298198835,0.003297111117077831,0.003297111117077831,OK,0,0,0,0,0,OK,0,0,0,0,0,OK,0.0009050004363423958,0.0020104772536032292,ELEVATED,0.3561864773764878,0.5773215543849387,1.4065780931666496,63227
2026-02-24 08:44:29,24481200,0xB4e16d0168e52d35CaCD2c6185b44281Ec28C9Dc,WETH,USDC,1993.3827728555616,10,OK,24481187,13,1,0,0,OK,1868204087,1868204087,2019674061,0.020652006797464005,0.022326427142878705,OK,0,0,0,0,0,OK,0,0,0,0,0,OK,0.0008296432394457407,0.0020090587629020946,ELEVATED,0.3561750601687063,0.5772644683460165,1.4063497490109726,63241
2026-02-24 08:44:29,24481250,0xB4e16d0168e52d35CaCD2c6185b44281Ec28C9Dc,WETH,USDC,1995.4794072030288,10,OK,24481243,7,5,0,0,OK,4687499054,4687499054,4838969028,0.051790549254908974,0.05346408839779001,OK,0,0,0,0,0,OK,0,0,0,0,0,OK,0.0008378301789005532,0.0020006720229870036,ELEVATED,0.35614597181177404,0.5771190265613525,1.405767981872303,63274
2026-02-24 08:44:30,24481300,0xB4e16d0168e52d35CaCD2c6185b44281Ec28C9Dc,WETH,USDC,1994.4950195411632,10,OK,24481295,5,2,0,0,OK,2533888796,2533888796,7003128042,0.028002954863418104,0.07739419297817661,OK,0,0,0,0,0,OK,0,0,0,0,0,OK,0.0006540483927371448,0.0014520208255613288,ELEVATED,0.3561595822769162,0.5771870788870479,1.40604019117507,63255
2026-02-24 08:44:30,24481350,0xB4e16d0168e52d35CaCD2c6185b44281Ec28C9Dc,WETH,USDC,1994.473771327545,15,OK,24481301,49,0,0,0,OK,-42852912,42852912,53401668,0.00047358611196607336,0.0005901649885688766,OK,0,0,0,0,0,OK,1,0,0,0,0,OK,0.00065538568052795,0.001428124279660866,ELEVATED,0.35615987617471156,0.5771885483760697,1.4060460691311425,63255
2026-02-24 08:44:32,24481400,0xB4e16d0168e52d35CaCD2c6185b44281Ec28C9Dc,WETH,USDC,1994.473771327545,15,OK,24481301,99,0,0,0,OK,0,0,0,0,0,OK,0,0,0,0,0,OK,0,0,0,0,0,OK,0.0006516276873698195,0.0013169785121751188,ELEVATED,0.35615987617471156,0.5771885483760697,1.4060460691311425,63255
2026-02-24 08:44:32,24481450,0xB4e16d0168e52d35CaCD2c6185b44281Ec28C9Dc,WETH,USDC,1994.4705751449717,10,OK,24481426,24,1,0,0,OK,-7233549,7233549,11126449,0.00007994115044449584,0.00012296331073751078,OK,0,0,0,0,0,OK,1,0,0,0,0,OK,0.00024471756854644905,0.0013154505341929027,ELEVATED,0.35615992034791755,0.5771887692421495,1.4060469525954562,63255
2026-02-24 08:44:33,24481500,0xB4e16d0168e52d35CaCD2c6185b44281Ec28C9Dc,WETH,USDC,1994.4709232823477,10,OK,24481497,3,1,0,0,OK,1231885,1231885,1231885,0.000013614104986038077,0.000013614104986038077,OK,0,0,0,0,0,OK,0,0,0,0,0,OK,0.0000051512111643627835,0.0013154548270824752,ELEVATED,0.35615991551808207,0.57718874509289,1.4060468559984196,63255
2026-02-24 08:45:19,24481550,0xB4e16d0168e52d35CaCD2c6185b44281Ec28C9Dc,WETH,USDC,1994.6356078666774,10,OK,24481536,14,3,0,0,OK,374958008,374958008,401478006,0.004143655138701452,0.004436727225832478,OK,0,0,0,0,0,OK,1,0,0,0,0,OK,0.000041529272793217826,0.0011537093062326709,ELEVATED,0.3561576306796219,0.5771773209005766,1.4060011592291821,63260
2026-02-24 08:45:20,24481600,0xB4e16d0168e52d35CaCD2c6185b44281Ec28C9Dc,WETH,USDC,1994.6359953751648,15,OK,24481557,43,0,0,0,OK,384668917,384668917,384668917,0.004250969830099065,0.004250969830099065,OK,0,0,0,0,0,OK,0,0,0,0,0,OK,0.00004149774344616138,0.0011502728693045632,ELEVATED,0.3561576253042282,0.5771772940236068,1.4060010517212713,63260
2026-02-24 08:45:20,24481650,0xB4e16d0168e52d35CaCD2c6185b44281Ec28C9Dc,WETH,USDC,1995.5101002855872,15,OK,24481612,38,0,0,0,OK,1985516381,1985516381,1985516381,0.021937095220884502,0.021937095220884502,OK,0,0,0,0,0,OK,0,0,0,0,0,OK,0.0002088851062886031,0.0011048985087049748,ELEVATED,0.3561455039804093,0.5771166874046022,1.4057586252453282,63274
2026-02-24 08:45:22,24481700,0xB4e16d0168e52d35CaCD2c6185b44281Ec28C9Dc,WETH,USDC,1995.5101002855872,15,OK,24481612,88,0,0,0,OK,0,0,0,0,0,OK,0,0,0,0,0,OK,0,0,0,0,0,OK,0.00020892135786734772,0.0010977650028333656,ELEVATED,0.3561455039804093,0.5771166874046022,1.4057586252453282,63274
2026-02-24 08:45:22,24481750,0xB4e16d0168e52d35CaCD2c6185b44281Ec28C9Dc,WETH,USDC,1995.5112893611354,31,ELEVATED,24481722,28,0,0,0,OK,2700671,2700671,2700671,0.000029838514442094485,0.000029838514442094485,ELEVATED,17369047864008,17369047864007,-1,34738095728015,65.74203221869008,OK,0,0,0,0,0,OK,0.00021893434352797755,0.0010977674294137994,ELEVATED,0.3561454874967902,0.577116604986441,1.4057582955726429,63274
2026-02-24 08:45:22,24481800,0xB4e16d0168e52d35CaCD2c6185b44281Ec28C9Dc,WETH,USDC,1995.4979127837223,10,OK,24481790,10,1,0,0,OK,-30290285,30290285,30290285,0.0003346647831533849,0.0003346647831533849,OK,6575287,0,-6575287,6575287,0,OK,0,0,0,0,0,OK,0.00022010868834709745,0.0010456146861162442,ELEVATED,0.3561456322423594,0.5771173287142704,1.405761190483948,63274
2026-02-24 08:45:25,24481850,0xB4e16d0168e52d35CaCD2c6185b44281Ec28C9Dc,WETH,USDC,1995.4984173198245,15,OK,24481813,37,0,0,0,OK,-22569023,22569023,24860973,0.0002493557334292478,0.0002746785342094661,OK,0,0,0,0,0,OK,0,0,0,0,0,OK,0.0000035016549065017514,0.0010453875550777885,ELEVATED,0.35614562524779847,0.577117293741595,1.4057610505933575,63274
2026-02-24 08:45:25,24481900,0xB4e16d0168e52d35CaCD2c6185b44281Ec28C9Dc,WETH,USDC,1995.2956430758236,10,OK,24481899,1,2,0,0,OK,-459179999,459179999,459179999,0.005073545921523672,0.005073545921523672,OK,0,0,0,0,0,OK,0,0,0,0,0,OK,0.000049948067456788904,0.0010348342112928666,ELEVATED,0.35614842802260943,0.5771313076154694,1.4058171060887599,63269
2026-02-24 08:45:25,24481950,0xB4e16d0168e52d35CaCD2c6185b44281Ec28C9Dc,WETH,USDC,1999.6200573841454,45,ELEVATED,24481924,26,0,0,0,ELEVATED,9357816129,9357816129,10276222981,0.10328382639378088,0.113420440808213,OK,0,0,0,0,0,ELEVATED,3,0,2,1,45,OK,0.0011014725741781437,0.0010693277390789178,ELEVATED,0.35608856824921054,0.5768320087485526,1.404619910621048,63337
2026-02-24 08:45:26,24482000,0xB4e16d0168e52d35CaCD2c6185b44281Ec28C9Dc,WETH,USDC,1999.6200573841454,15,OK,24481924,76,0,0,0,OK,0,0,0,0,0,OK,0,0,0,0,0,OK,0,0,0,0,0,OK,0.001100420419531365,0.0010653816148166622,ELEVATED,0.35608856824921054,0.5768320087485526,1.404619910621048,63337
2026-02-24 08:45:26,24482050,0xB4e16d0168e52d35CaCD2c6185b44281Ec28C9Dc,WETH,USDC,2001.2152042038963,10,OK,24482045,5,2,0,0,OK,3619474899,3619474899,4254282283,0.03993281443327738,0.046936494849226656,OK,0,0,0,0,0,OK,2,0,0,0,23,OK,0.0010467838232847838,0.0010698914408452348,ELEVATED,0.35606653098209845,0.5767218224129507,1.4041791652786977,63365
2026-02-24 08:45:26,24482100,0xB4e16d0168e52d35CaCD2c6185b44281Ec28C9Dc,WETH,USDC,2001.20895458619,10,OK,24482087,13,1,0,0,OK,-50030302,50030302,126585618,0.0005519734039970846,0.0013965914989786513,OK,0,0,0,0,0,OK,1,0,0,0,23,OK,0.0010220302645176406,0.0010698750076193995,ELEVATED,0.35606661698873837,0.5767222524462691,1.4041808854119693,63365
2026-02-24 08:45:27,24482150,0xB4e16d0168e52d35CaCD2c6185b44281Ec28C9Dc,WETH,USDC,2001.0436624884226,10,OK,24482149,1,2,0,0,OK,-380437898,380437898,380797434,0.004197461396704447,0.004201428242512025,OK,0,0,0,0,0,OK,0,0,0,0,0,OK,0.0004147555751035389,0.001068707506722301,ELEVATED,0.35606889186645935,0.5767336268348172,1.4042263829661477,63361
2026-02-24 08:45:28,24482200,0xB4e16d0168e52d35CaCD2c6185b44281Ec28C9Dc,WETH,USDC,2001.0410702414492,15,OK,24482157,43,0,0,0,OK,-34446072,34446072,34805608,0.0003800519132279666,0.0003840187616011086,OK,0,0,0,0,0,OK,1,0,0,0,23,OK,0.00041494127902571225,0.00106870848619604,ELEVATED,0.35606892754528435,0.5767338052288434,1.4042270965422154,63361
2026-02-24 08:45:30,24482250,0xB4e16d0168e52d35CaCD2c6185b44281Ec28C9Dc,WETH,USDC,2000.9383342514056,10,OK,24482233,17,1,0,0,OK,-232318367,232318367,233219711,0.002563290904803518,0.002573235907891884,OK,0,0,0,0,0,OK,0,0,0,0,0,OK,0.00003951484516396229,0.0010687321899403247,ELEVATED,0.3560703416159481,0.5767408755822521,1.4042553779558948,63361
2026-02-24 08:45:30,24482300,0xB4e16d0168e52d35CaCD2c6185b44281Ec28C9Dc,WETH,USDC,2002.2549684350809,10,OK,24482285,15,2,0,0,OK,2987184270,2987184270,3574988756,0.03294831953910243,0.039431739469285,OK,0,0,0,0,0,OK,0,0,0,0,0,OK,0.00035302735338724184,0.0010714294035904205,ELEVATED,0.35605216755009994,0.5766500052529678,1.403891896638768,63380
2026-02-24 08:45:31,24482350,0xB4e16d0168e52d35CaCD2c6185b44281Ec28C9Dc,WETH,USDC,2016.2470262455913,60,HIGH,24482332,18,4,0,0,HIGH,34951996415,34951996415,35409409081,0.3841746976903359,0.3892023467720595,OK,0,0,0,0,0,OK,5,0,0,0,23,ELEVATED,0.0033964706320725184,0.0013986311991432542,ELEVATED,0.3558601836758271,0.5756900858816328,1.4000522191533509,63599
2026-02-24 08:45:33,24482400,0xB4e16d0168e52d35CaCD2c6185b44281Ec28C9Dc,WETH,USDC,2016.247773555996,30,ELEVATED,24482392,8,1,0,0,OK,7948864594,7948864594,8406277260,0.08736989010140914,0.09239753824999862,OK,0,0,0,0,0,OK,3,0,0,0,23,ELEVATED,0.0033961611024697137,0.0013986311721919345,ELEVATED,0.3558601734756752,0.5756900348809353,1.4000520151506433,63599
2026-02-24 08:45:36,24482450,0xB4e16d0168e52d35CaCD2c6185b44281Ec28C9Dc,WETH,USDC,2016.2959822809178,42,ELEVATED,24482438,12,1,0,0,OK,109939662,109939662,179248598,0.001208386551221063,0.0019701861112546514,OK,0,0,0,0,0,ELEVATED,2,0,1,0,45,ELEVATED,0.003381981426894406,0.0013986147411512312,ELEVATED,0.35585951485082273,0.5756867417566229,1.400038842653377,63604
2026-02-24 08:46:06,24482500,0xB4e16d0168e52d35CaCD2c6185b44281Ec28C9Dc,WETH,USDC,2021.6366522695282,60,HIGH,24482484,16,2,0,0,ELEVATED,12159725116,12159725116,12472661032,0.1334750059293396,0.13691004437347704,OK,0,0,0,0,0,ELEVATED,5,0,1,0,45,ELEVATED,0.0032808832514848838,0.0014348007168984267,ELEVATED,0.3557867637489959,0.5753229862475068,1.3985838206169028,63685
2026-02-24 08:46:36,24482550,0xB4e16d0168e52d35CaCD2c6185b44281Ec28C9Dc,WETH,USDC,2031.287927455216,44,ELEVATED,24482536,14,3,0,0,ELEVATED,23471916602,23471916602,24253152906,0.2570330460616187,0.26558810146318446,ELEVATED,17678707735746,17678707735745,-1,35357415471491,65.93930840006867,OK,6,0,0,0,23,OK,0.002300095869196144,0.0015495741301580985,ELEVATED,0.355656022568173,0.5746692803433922,1.395968997000492,63838
2026-02-24 08:46:36,24482600,0xB4e16d0168e52d35CaCD2c6185b44281Ec28C9Dc,WETH,USDC,2027.1686858943578,28,ELEVATED,24482596,4,4,0,0,ELEVATED,-9251809042,9251809042,9254021686,0.1014161703826967,0.10144042486956316,OK,0,0,0,0,0,OK,2,0,0,0,23,OK,0.0029724481099088094,0.0015780886711303157,ELEVATED,0.35571154060368315,0.5749468705208801,1.3970793577104446,63771
2026-02-24 08:46:40,24482650,0xB4e16d0168e52d35CaCD2c6185b44281Ec28C9Dc,WETH,USDC,2025.5035687607076,10,OK,24482647,3,4,0,0,OK,-4768776325,4768776325,4775761823,0.052295662481841365,0.0523722673005158,OK,0,0,0,0,0,OK,4,0,0,0,23,OK,0.003124434378950594,0.0015839649591080673,ELEVATED,0.3557340305830199,0.5750593204175793,1.3975291572972028,63746
2026-02-24 08:46:43,24482700,0xB4e16d0168e52d35CaCD2c6185b44281Ec28C9Dc,WETH,USDC,2022.692802595913,10,OK,24482699,1,6,0,0,OK,-8293296310,8293296310,8295865004,0.09100955431523634,0.09103774282887118,OK,0,0,0,0,0,OK,3,0,0,0,17,OK,0.003127234609362478,0.0015881873277840113,ELEVATED,0.35577205736339546,0.5752494543195213,1.3982896929050213,63704
2026-02-24 08:46:43,24482750,0xB4e16d0168e52d35CaCD2c6185b44281Ec28C9Dc,WETH,USDC,2022.1382683207578,10,OK,24482746,4,2,0,0,OK,-6218376556,6218376556,6218376556,0.0682489970262621,0.0682489970262621,OK,0,0,0,0,0,OK,0,0,0,0,0,OK,0.0007537112941737366,0.0015892830501993901,ELEVATED,0.35577956899926133,0.5752870124988494,1.3984399256222513,63694
2026-02-24 08:46:44,24482800,0xB4e16d0168e52d35CaCD2c6185b44281Ec28C9Dc,WETH,USDC,2022.1386779190884,10,OK,24482789,11,2,0,0,OK,-1246417590,1246417590,1248265922,0.013679895548129165,0.013700181677674454,OK,0,0,0,0,0,OK,0,0,0,0,0,OK,0.000615291588501886,0.0015890453893539912,ELEVATED,0.35577956343307204,0.5752869846678559,1.3984398142983292,63694
2026-02-24 08:46:48,24482850,0xB4e16d0168e52d35CaCD2c6185b44281Ec28C9Dc,WETH,USDC,2022.1037527522913,10,OK,24482846,4,3,0,0,OK,-77633830,77633830,83934140,0.0008520674377463478,0.0009212162740037848,OK,0,0,0,0,0,OK,0,0,0,0,0,OK,0.0006578513382825027,0.0015887448095869621,ELEVATED,0.35578003658711216,0.5752893504381347,1.3984492773794803,63694
2026-02-24 08:46:55,24482900,0xB4e16d0168e52d35CaCD2c6185b44281Ec28C9Dc,WETH,USDC,2022.0917256536784,10,OK,24482888,12,2,0,0,OK,-24829302,24829302,29281280,0.0002725139614859889,0.000321376638383973,OK,0,0,0,0,0,OK,0,0,0,0,0,OK,0.00013345725865292036,0.0015887599640968344,ELEVATED,0.35578019954279494,0.5752901652164176,1.3984525364924636,63694
2026-02-24 08:46:56,24482950,0xB4e16d0168e52d35CaCD2c6185b44281Ec28C9Dc,WETH,USDC,2022.1329855747006,10,OK,24482929,21,1,0,0,OK,66059710,66059710,133940290,0.0007250308240298069,0.0014700463993785517,OK,0,0,0,0,0,OK,0,0,0,0,0,OK,0.00001579405046374928,0.001588464462401257,ELEVATED,0.3557796387095751,0.575287361050422,1.3984413198285532,63694
2026-02-24 08:46:58,24483000,0xB4e16d0168e52d35CaCD2c6185b44281Ec28C9Dc,WETH,USDC,2019.2816416365097,22,OK,24482999,1,9,0,0,OK,-6423209468,6423209468,6465352538,0.07054688429376862,0.0710097467144768,OK,0,0,0,0,0,ELEVATED,7,0,1,1,45,OK,0.0007052387526963327,0.0016026021264727408,ELEVATED,0.35581831117704343,0.5754807233877357,1.399214769177795,63651
